<Save Name="src3">
  <FileSource>C:\Users\Mehme\OneDrive\Bureau\src1\Capture dÔÇÖe╠ücran 2022-02-22 a╠Ç 11.50.37.png</FileSource>
  <FileTarget>C:\Users\Mehme\OneDrive\Bureau\dest1\Capture dÔÇÖe╠ücran 2022-02-22 a╠Ç 11.50.37.png</FileTarget>
  <FileSize>1890990</FileSize>
  <FileTransferTime>29</FileTransferTime>
  <EncryptionTime>0</EncryptionTime>
  <time>24/02/2022 18:28:10</time>
</Save>

<Save Name="src1">
  <FileSource>C:\Users\Mehme\OneDrive\Bureau\src1\Capture dÔÇÖe╠ücran 2022-02-22 a╠Ç 11.50.37.png</FileSource>
  <FileTarget>C:\Users\Mehme\OneDrive\Bureau\dest1\Capture dÔÇÖe╠ücran 2022-02-22 a╠Ç 11.50.37.png</FileTarget>
  <FileSize>1890990</FileSize>
  <FileTransferTime>29</FileTransferTime>
  <EncryptionTime>0</EncryptionTime>
  <time>24/02/2022 18:28:10</time>
</Save>

<Save Name="src2">
  <FileSource>C:\Users\Mehme\OneDrive\Bureau\src1\Capture dÔÇÖe╠ücran 2022-02-22 a╠Ç 11.50.37.png</FileSource>
  <FileTarget>C:\Users\Mehme\OneDrive\Bureau\dest1\Capture dÔÇÖe╠ücran 2022-02-22 a╠Ç 11.50.37.png</FileTarget>
  <FileSize>1890990</FileSize>
  <FileTransferTime>29</FileTransferTime>
  <EncryptionTime>0</EncryptionTime>
  <time>24/02/2022 18:28:10</time>
</Save>

<Save Name="src1">
  <FileSource>C:\Users\Mehme\OneDrive\Bureau\src2\Capture dÔÇÖe╠ücran 2022-02-22 a╠Ç 11.50.55.png</FileSource>
  <FileTarget>C:\Users\Mehme\OneDrive\Bureau\dest2\Capture dÔÇÖe╠ücran 2022-02-22 a╠Ç 11.50.55.png</FileTarget>
  <FileSize>1871423</FileSize>
  <FileTransferTime>24</FileTransferTime>
  <EncryptionTime>0</EncryptionTime>
  <time>24/02/2022 18:28:10</time>
</Save>

<Save Name="src2">
  <FileSource>C:\Users\Mehme\OneDrive\Bureau\src2\Capture dÔÇÖe╠ücran 2022-02-22 a╠Ç 11.50.55.png</FileSource>
  <FileTarget>C:\Users\Mehme\OneDrive\Bureau\dest2\Capture dÔÇÖe╠ücran 2022-02-22 a╠Ç 11.50.55.png</FileTarget>
  <FileSize>1871423</FileSize>
  <FileTransferTime>24</FileTransferTime>
  <EncryptionTime>0</EncryptionTime>
  <time>24/02/2022 18:28:10</time>
</Save>

<Save Name="src3">
  <FileSource>C:\Users\Mehme\OneDrive\Bureau\src3\Capture dÔÇÖe╠ücran 2022-02-22 a╠Ç 11.50.55.png</FileSource>
  <FileTarget>C:\Users\Mehme\OneDrive\Bureau\dest3\Capture dÔÇÖe╠ücran 2022-02-22 a╠Ç 11.50.55.png</FileTarget>
  <FileSize>1871423</FileSize>
  <FileTransferTime>29</FileTransferTime>
  <EncryptionTime>0</EncryptionTime>
  <time>24/02/2022 18:28:10</time>
</Save>

<Save Name="src1">
  <FileSource>C:\Users\Mehme\OneDrive\Bureau\src1\Capture dÔÇÖe╠ücran 2022-02-22 a╠Ç 11.50.59.png</FileSource>
  <FileTarget>C:\Users\Mehme\OneDrive\Bureau\dest1\Capture dÔÇÖe╠ücran 2022-02-22 a╠Ç 11.50.59.png</FileTarget>
  <FileSize>1907987</FileSize>
  <FileTransferTime>19</FileTransferTime>
  <EncryptionTime>0</EncryptionTime>
  <time>24/02/2022 18:28:10</time>
</Save>

<Save Name="src3">
  <FileSource>C:\Users\Mehme\OneDrive\Bureau\src3\Capture dÔÇÖe╠ücran 2022-02-22 a╠Ç 11.50.59.png</FileSource>
  <FileTarget>C:\Users\Mehme\OneDrive\Bureau\dest3\Capture dÔÇÖe╠ücran 2022-02-22 a╠Ç 11.50.59.png</FileTarget>
  <FileSize>1907987</FileSize>
  <FileTransferTime>20</FileTransferTime>
  <EncryptionTime>0</EncryptionTime>
  <time>24/02/2022 18:28:10</time>
</Save>

<Save Name="src2">
  <FileSource>C:\Users\Mehme\OneDrive\Bureau\src2\Capture dÔÇÖe╠ücran 2022-02-22 a╠Ç 11.50.59.png</FileSource>
  <FileTarget>C:\Users\Mehme\OneDrive\Bureau\dest2\Capture dÔÇÖe╠ücran 2022-02-22 a╠Ç 11.50.59.png</FileTarget>
  <FileSize>1907987</FileSize>
  <FileTransferTime>31</FileTransferTime>
  <EncryptionTime>0</EncryptionTime>
  <time>24/02/2022 18:28:10</time>
</Save>

<Save Name="src1">
  <FileSource>C:\Users\Mehme\OneDrive\Bureau\src1\Capture dÔÇÖe╠ücran 2022-02-22 a╠Ç 11.51.24.png</FileSource>
  <FileTarget>C:\Users\Mehme\OneDrive\Bureau\dest1\Capture dÔÇÖe╠ücran 2022-02-22 a╠Ç 11.51.24.png</FileTarget>
  <FileSize>1922075</FileSize>
  <FileTransferTime>18</FileTransferTime>
  <EncryptionTime>0</EncryptionTime>
  <time>24/02/2022 18:28:10</time>
</Save>

<Save Name="src3">
  <FileSource>C:\Users\Mehme\OneDrive\Bureau\src3\Capture dÔÇÖe╠ücran 2022-02-22 a╠Ç 11.51.24.png</FileSource>
  <FileTarget>C:\Users\Mehme\OneDrive\Bureau\dest3\Capture dÔÇÖe╠ücran 2022-02-22 a╠Ç 11.51.24.png</FileTarget>
  <FileSize>1922075</FileSize>
  <FileTransferTime>18</FileTransferTime>
  <EncryptionTime>0</EncryptionTime>
  <time>24/02/2022 18:28:10</time>
</Save>

<Save Name="src2">
  <FileSource>C:\Users\Mehme\OneDrive\Bureau\src2\Capture dÔÇÖe╠ücran 2022-02-22 a╠Ç 11.51.24.png</FileSource>
  <FileTarget>C:\Users\Mehme\OneDrive\Bureau\dest2\Capture dÔÇÖe╠ücran 2022-02-22 a╠Ç 11.51.24.png</FileTarget>
  <FileSize>1922075</FileSize>
  <FileTransferTime>20</FileTransferTime>
  <EncryptionTime>0</EncryptionTime>
  <time>24/02/2022 18:28:10</time>
</Save>

<Save Name="src1">
  <FileSource>C:\Users\Mehme\OneDrive\Bureau\src1\Capture dÔÇÖe╠ücran 2022-02-22 a╠Ç 11.51.37.png</FileSource>
  <FileTarget>C:\Users\Mehme\OneDrive\Bureau\dest1\Capture dÔÇÖe╠ücran 2022-02-22 a╠Ç 11.51.37.png</FileTarget>
  <FileSize>2035975</FileSize>
  <FileTransferTime>19</FileTransferTime>
  <EncryptionTime>0</EncryptionTime>
  <time>24/02/2022 18:28:10</time>
</Save>

<Save Name="src3">
  <FileSource>C:\Users\Mehme\OneDrive\Bureau\src2\Capture dÔÇÖe╠ücran 2022-02-22 a╠Ç 11.51.37.png</FileSource>
  <FileTarget>C:\Users\Mehme\OneDrive\Bureau\dest2\Capture dÔÇÖe╠ücran 2022-02-22 a╠Ç 11.51.37.png</FileTarget>
  <FileSize>2035975</FileSize>
  <FileTransferTime>19</FileTransferTime>
  <EncryptionTime>0</EncryptionTime>
  <time>24/02/2022 18:28:10</time>
</Save>

<Save Name="src2">
  <FileSource>C:\Users\Mehme\OneDrive\Bureau\src2\Capture dÔÇÖe╠ücran 2022-02-22 a╠Ç 11.51.37.png</FileSource>
  <FileTarget>C:\Users\Mehme\OneDrive\Bureau\dest2\Capture dÔÇÖe╠ücran 2022-02-22 a╠Ç 11.51.37.png</FileTarget>
  <FileSize>2035975</FileSize>
  <FileTransferTime>19</FileTransferTime>
  <EncryptionTime>0</EncryptionTime>
  <time>24/02/2022 18:28:10</time>
</Save>

<Save Name="src1">
  <FileSource>C:\Users\Mehme\OneDrive\Bureau\src1\Capture dÔÇÖe╠ücran 2022-02-22 a╠Ç 11.51.44.png</FileSource>
  <FileTarget>C:\Users\Mehme\OneDrive\Bureau\dest1\Capture dÔÇÖe╠ücran 2022-02-22 a╠Ç 11.51.44.png</FileTarget>
  <FileSize>2053050</FileSize>
  <FileTransferTime>19</FileTransferTime>
  <EncryptionTime>0</EncryptionTime>
  <time>24/02/2022 18:28:10</time>
</Save>

<Save Name="src3">
  <FileSource>C:\Users\Mehme\OneDrive\Bureau\src3\Capture dÔÇÖe╠ücran 2022-02-22 a╠Ç 11.51.44.png</FileSource>
  <FileTarget>C:\Users\Mehme\OneDrive\Bureau\dest3\Capture dÔÇÖe╠ücran 2022-02-22 a╠Ç 11.51.44.png</FileTarget>
  <FileSize>2053050</FileSize>
  <FileTransferTime>20</FileTransferTime>
  <EncryptionTime>0</EncryptionTime>
  <time>24/02/2022 18:28:10</time>
</Save>

<Save Name="src2">
  <FileSource>C:\Users\Mehme\OneDrive\Bureau\src2\Capture dÔÇÖe╠ücran 2022-02-22 a╠Ç 11.51.44.png</FileSource>
  <FileTarget>C:\Users\Mehme\OneDrive\Bureau\dest2\Capture dÔÇÖe╠ücran 2022-02-22 a╠Ç 11.51.44.png</FileTarget>
  <FileSize>2053050</FileSize>
  <FileTransferTime>20</FileTransferTime>
  <EncryptionTime>0</EncryptionTime>
  <time>24/02/2022 18:28:10</time>
</Save>

<Save Name="src1">
  <FileSource>C:\Users\Mehme\OneDrive\Bureau\src1\Capture dÔÇÖe╠ücran 2022-02-22 a╠Ç 11.52.15.png</FileSource>
  <FileTarget>C:\Users\Mehme\OneDrive\Bureau\dest1\Capture dÔÇÖe╠ücran 2022-02-22 a╠Ç 11.52.15.png</FileTarget>
  <FileSize>1747928</FileSize>
  <FileTransferTime>17</FileTransferTime>
  <EncryptionTime>0</EncryptionTime>
  <time>24/02/2022 18:28:10</time>
</Save>

<Save Name="src3">
  <FileSource>C:\Users\Mehme\OneDrive\Bureau\src3\Capture dÔÇÖe╠ücran 2022-02-22 a╠Ç 11.52.15.png</FileSource>
  <FileTarget>C:\Users\Mehme\OneDrive\Bureau\dest3\Capture dÔÇÖe╠ücran 2022-02-22 a╠Ç 11.52.15.png</FileTarget>
  <FileSize>1747928</FileSize>
  <FileTransferTime>24</FileTransferTime>
  <EncryptionTime>0</EncryptionTime>
  <time>24/02/2022 18:28:10</time>
</Save>

<Save Name="src2">
  <FileSource>C:\Users\Mehme\OneDrive\Bureau\src2\Capture dÔÇÖe╠ücran 2022-02-22 a╠Ç 11.52.15.png</FileSource>
  <FileTarget>C:\Users\Mehme\OneDrive\Bureau\dest2\Capture dÔÇÖe╠ücran 2022-02-22 a╠Ç 11.52.15.png</FileTarget>
  <FileSize>1747928</FileSize>
  <FileTransferTime>28</FileTransferTime>
  <EncryptionTime>0</EncryptionTime>
  <time>24/02/2022 18:28:10</time>
</Save>

<Save Name="src1">
  <FileSource>C:\Users\Mehme\OneDrive\Bureau\src1\Capture dÔÇÖe╠ücran 2022-02-22 a╠Ç 11.52.39.png</FileSource>
  <FileTarget>C:\Users\Mehme\OneDrive\Bureau\dest1\Capture dÔÇÖe╠ücran 2022-02-22 a╠Ç 11.52.39.png</FileTarget>
  <FileSize>1777150</FileSize>
  <FileTransferTime>26</FileTransferTime>
  <EncryptionTime>0</EncryptionTime>
  <time>24/02/2022 18:28:10</time>
</Save>

<Save Name="src3">
  <FileSource>C:\Users\Mehme\OneDrive\Bureau\src3\Capture dÔÇÖe╠ücran 2022-02-22 a╠Ç 11.52.39.png</FileSource>
  <FileTarget>C:\Users\Mehme\OneDrive\Bureau\dest3\Capture dÔÇÖe╠ücran 2022-02-22 a╠Ç 11.52.39.png</FileTarget>
  <FileSize>1777150</FileSize>
  <FileTransferTime>19</FileTransferTime>
  <EncryptionTime>0</EncryptionTime>
  <time>24/02/2022 18:28:10</time>
</Save>

<Save Name="src2">
  <FileSource>C:\Users\Mehme\OneDrive\Bureau\src2\Capture dÔÇÖe╠ücran 2022-02-22 a╠Ç 11.52.39.png</FileSource>
  <FileTarget>C:\Users\Mehme\OneDrive\Bureau\dest2\Capture dÔÇÖe╠ücran 2022-02-22 a╠Ç 11.52.39.png</FileTarget>
  <FileSize>1777150</FileSize>
  <FileTransferTime>17</FileTransferTime>
  <EncryptionTime>0</EncryptionTime>
  <time>24/02/2022 18:28:10</time>
</Save>

<Save Name="src1">
  <FileSource>C:\Users\Mehme\OneDrive\Bureau\src1\Capture dÔÇÖe╠ücran 2022-02-22 a╠Ç 11.52.58.png</FileSource>
  <FileTarget>C:\Users\Mehme\OneDrive\Bureau\dest1\Capture dÔÇÖe╠ücran 2022-02-22 a╠Ç 11.52.58.png</FileTarget>
  <FileSize>1838202</FileSize>
  <FileTransferTime>18</FileTransferTime>
  <EncryptionTime>0</EncryptionTime>
  <time>24/02/2022 18:28:10</time>
</Save>

<Save Name="src3">
  <FileSource>C:\Users\Mehme\OneDrive\Bureau\src3\Capture dÔÇÖe╠ücran 2022-02-22 a╠Ç 11.52.58.png</FileSource>
  <FileTarget>C:\Users\Mehme\OneDrive\Bureau\dest3\Capture dÔÇÖe╠ücran 2022-02-22 a╠Ç 11.52.58.png</FileTarget>
  <FileSize>1838202</FileSize>
  <FileTransferTime>18</FileTransferTime>
  <EncryptionTime>0</EncryptionTime>
  <time>24/02/2022 18:28:10</time>
</Save>

<Save Name="src2">
  <FileSource>C:\Users\Mehme\OneDrive\Bureau\src2\Capture dÔÇÖe╠ücran 2022-02-22 a╠Ç 11.52.58.png</FileSource>
  <FileTarget>C:\Users\Mehme\OneDrive\Bureau\dest2\Capture dÔÇÖe╠ücran 2022-02-22 a╠Ç 11.52.58.png</FileTarget>
  <FileSize>1838202</FileSize>
  <FileTransferTime>17</FileTransferTime>
  <EncryptionTime>0</EncryptionTime>
  <time>24/02/2022 18:28:10</time>
</Save>

<Save Name="src1">
  <FileSource>C:\Users\Mehme\OneDrive\Bureau\src1\Capture dÔÇÖe╠ücran 2022-02-22 a╠Ç 11.53.00.png</FileSource>
  <FileTarget>C:\Users\Mehme\OneDrive\Bureau\dest1\Capture dÔÇÖe╠ücran 2022-02-22 a╠Ç 11.53.00.png</FileTarget>
  <FileSize>1943936</FileSize>
  <FileTransferTime>19</FileTransferTime>
  <EncryptionTime>0</EncryptionTime>
  <time>24/02/2022 18:28:10</time>
</Save>

<Save Name="src3">
  <FileSource>C:\Users\Mehme\OneDrive\Bureau\src3\Capture dÔÇÖe╠ücran 2022-02-22 a╠Ç 11.53.00.png</FileSource>
  <FileTarget>C:\Users\Mehme\OneDrive\Bureau\dest3\Capture dÔÇÖe╠ücran 2022-02-22 a╠Ç 11.53.00.png</FileTarget>
  <FileSize>1943936</FileSize>
  <FileTransferTime>20</FileTransferTime>
  <EncryptionTime>0</EncryptionTime>
  <time>24/02/2022 18:28:10</time>
</Save>

<Save Name="src2">
  <FileSource>C:\Users\Mehme\OneDrive\Bureau\src2\Capture dÔÇÖe╠ücran 2022-02-22 a╠Ç 11.53.00.png</FileSource>
  <FileTarget>C:\Users\Mehme\OneDrive\Bureau\dest2\Capture dÔÇÖe╠ücran 2022-02-22 a╠Ç 11.53.00.png</FileTarget>
  <FileSize>1943936</FileSize>
  <FileTransferTime>19</FileTransferTime>
  <EncryptionTime>0</EncryptionTime>
  <time>24/02/2022 18:28:10</time>
</Save>

<Save Name="src1">
  <FileSource>C:\Users\Mehme\OneDrive\Bureau\src1\Capture dÔÇÖe╠ücran 2022-02-22 a╠Ç 11.53.15.png</FileSource>
  <FileTarget>C:\Users\Mehme\OneDrive\Bureau\dest1\Capture dÔÇÖe╠ücran 2022-02-22 a╠Ç 11.53.15.png</FileTarget>
  <FileSize>1682877</FileSize>
  <FileTransferTime>19</FileTransferTime>
  <EncryptionTime>0</EncryptionTime>
  <time>24/02/2022 18:28:10</time>
</Save>

<Save Name="src3">
  <FileSource>C:\Users\Mehme\OneDrive\Bureau\src3\Capture dÔÇÖe╠ücran 2022-02-22 a╠Ç 11.53.15.png</FileSource>
  <FileTarget>C:\Users\Mehme\OneDrive\Bureau\dest3\Capture dÔÇÖe╠ücran 2022-02-22 a╠Ç 11.53.15.png</FileTarget>
  <FileSize>1682877</FileSize>
  <FileTransferTime>16</FileTransferTime>
  <EncryptionTime>0</EncryptionTime>
  <time>24/02/2022 18:28:10</time>
</Save>

<Save Name="src2">
  <FileSource>C:\Users\Mehme\OneDrive\Bureau\src2\Capture dÔÇÖe╠ücran 2022-02-22 a╠Ç 11.53.15.png</FileSource>
  <FileTarget>C:\Users\Mehme\OneDrive\Bureau\dest2\Capture dÔÇÖe╠ücran 2022-02-22 a╠Ç 11.53.15.png</FileTarget>
  <FileSize>1682877</FileSize>
  <FileTransferTime>16</FileTransferTime>
  <EncryptionTime>0</EncryptionTime>
  <time>24/02/2022 18:28:10</time>
</Save>

<Save Name="src1">
  <FileSource>C:\Users\Mehme\OneDrive\Bureau\src1\Capture dÔÇÖe╠ücran 2022-02-22 a╠Ç 11.53.20.png</FileSource>
  <FileTarget>C:\Users\Mehme\OneDrive\Bureau\dest1\Capture dÔÇÖe╠ücran 2022-02-22 a╠Ç 11.53.20.png</FileTarget>
  <FileSize>1840840</FileSize>
  <FileTransferTime>18</FileTransferTime>
  <EncryptionTime>0</EncryptionTime>
  <time>24/02/2022 18:28:10</time>
</Save>

<Save Name="src3">
  <FileSource>C:\Users\Mehme\OneDrive\Bureau\src2\Capture dÔÇÖe╠ücran 2022-02-22 a╠Ç 11.53.20.png</FileSource>
  <FileTarget>C:\Users\Mehme\OneDrive\Bureau\dest2\Capture dÔÇÖe╠ücran 2022-02-22 a╠Ç 11.53.20.png</FileTarget>
  <FileSize>1840840</FileSize>
  <FileTransferTime>17</FileTransferTime>
  <EncryptionTime>0</EncryptionTime>
  <time>24/02/2022 18:28:10</time>
</Save>

<Save Name="src2">
  <FileSource>C:\Users\Mehme\OneDrive\Bureau\src2\Capture dÔÇÖe╠ücran 2022-02-22 a╠Ç 11.53.20.png</FileSource>
  <FileTarget>C:\Users\Mehme\OneDrive\Bureau\dest2\Capture dÔÇÖe╠ücran 2022-02-22 a╠Ç 11.53.20.png</FileTarget>
  <FileSize>1840840</FileSize>
  <FileTransferTime>17</FileTransferTime>
  <EncryptionTime>0</EncryptionTime>
  <time>24/02/2022 18:28:10</time>
</Save>

<Save Name="src1">
  <FileSource>C:\Users\Mehme\OneDrive\Bureau\src1\Capture dÔÇÖe╠ücran 2022-02-22 a╠Ç 11.53.24.png</FileSource>
  <FileTarget>C:\Users\Mehme\OneDrive\Bureau\dest1\Capture dÔÇÖe╠ücran 2022-02-22 a╠Ç 11.53.24.png</FileTarget>
  <FileSize>1863033</FileSize>
  <FileTransferTime>25</FileTransferTime>
  <EncryptionTime>0</EncryptionTime>
  <time>24/02/2022 18:28:10</time>
</Save>

<Save Name="src3">
  <FileSource>C:\Users\Mehme\OneDrive\Bureau\src3\Capture dÔÇÖe╠ücran 2022-02-22 a╠Ç 11.53.24.png</FileSource>
  <FileTarget>C:\Users\Mehme\OneDrive\Bureau\dest3\Capture dÔÇÖe╠ücran 2022-02-22 a╠Ç 11.53.24.png</FileTarget>
  <FileSize>1863033</FileSize>
  <FileTransferTime>18</FileTransferTime>
  <EncryptionTime>0</EncryptionTime>
  <time>24/02/2022 18:28:10</time>
</Save>

<Save Name="src2">
  <FileSource>C:\Users\Mehme\OneDrive\Bureau\src2\Capture dÔÇÖe╠ücran 2022-02-22 a╠Ç 11.53.24.png</FileSource>
  <FileTarget>C:\Users\Mehme\OneDrive\Bureau\dest2\Capture dÔÇÖe╠ücran 2022-02-22 a╠Ç 11.53.24.png</FileTarget>
  <FileSize>1863033</FileSize>
  <FileTransferTime>18</FileTransferTime>
  <EncryptionTime>0</EncryptionTime>
  <time>24/02/2022 18:28:10</time>
</Save>

<Save Name="src3">
  <FileSource>C:\Users\Mehme\OneDrive\Bureau\src3\Capture dÔÇÖe╠ücran 2022-02-22 a╠Ç 11.53.36.png</FileSource>
  <FileTarget>C:\Users\Mehme\OneDrive\Bureau\dest3\Capture dÔÇÖe╠ücran 2022-02-22 a╠Ç 11.53.36.png</FileTarget>
  <FileSize>1794320</FileSize>
  <FileTransferTime>17</FileTransferTime>
  <EncryptionTime>0</EncryptionTime>
  <time>24/02/2022 18:28:10</time>
</Save>

<Save Name="src1">
  <FileSource>C:\Users\Mehme\OneDrive\Bureau\src1\Capture dÔÇÖe╠ücran 2022-02-22 a╠Ç 11.53.36.png</FileSource>
  <FileTarget>C:\Users\Mehme\OneDrive\Bureau\dest1\Capture dÔÇÖe╠ücran 2022-02-22 a╠Ç 11.53.36.png</FileTarget>
  <FileSize>1794320</FileSize>
  <FileTransferTime>19</FileTransferTime>
  <EncryptionTime>0</EncryptionTime>
  <time>24/02/2022 18:28:10</time>
</Save>

<Save Name="src2">
  <FileSource>C:\Users\Mehme\OneDrive\Bureau\src2\Capture dÔÇÖe╠ücran 2022-02-22 a╠Ç 11.53.36.png</FileSource>
  <FileTarget>C:\Users\Mehme\OneDrive\Bureau\dest2\Capture dÔÇÖe╠ücran 2022-02-22 a╠Ç 11.53.36.png</FileTarget>
  <FileSize>1794320</FileSize>
  <FileTransferTime>19</FileTransferTime>
  <EncryptionTime>0</EncryptionTime>
  <time>24/02/2022 18:28:10</time>
</Save>

<Save Name="src3">
  <FileSource>C:\Users\Mehme\OneDrive\Bureau\src3\Capture dÔÇÖe╠ücran 2022-02-22 a╠Ç 11.54.04.png</FileSource>
  <FileTarget>C:\Users\Mehme\OneDrive\Bureau\dest3\Capture dÔÇÖe╠ücran 2022-02-22 a╠Ç 11.54.04.png</FileTarget>
  <FileSize>1751861</FileSize>
  <FileTransferTime>16</FileTransferTime>
  <EncryptionTime>0</EncryptionTime>
  <time>24/02/2022 18:28:10</time>
</Save>

<Save Name="src1">
  <FileSource>C:\Users\Mehme\OneDrive\Bureau\src2\Capture dÔÇÖe╠ücran 2022-02-22 a╠Ç 11.54.04.png</FileSource>
  <FileTarget>C:\Users\Mehme\OneDrive\Bureau\dest2\Capture dÔÇÖe╠ücran 2022-02-22 a╠Ç 11.54.04.png</FileTarget>
  <FileSize>1751861</FileSize>
  <FileTransferTime>16</FileTransferTime>
  <EncryptionTime>0</EncryptionTime>
  <time>24/02/2022 18:28:10</time>
</Save>

<Save Name="src2">
  <FileSource>C:\Users\Mehme\OneDrive\Bureau\src2\Capture dÔÇÖe╠ücran 2022-02-22 a╠Ç 11.54.04.png</FileSource>
  <FileTarget>C:\Users\Mehme\OneDrive\Bureau\dest2\Capture dÔÇÖe╠ücran 2022-02-22 a╠Ç 11.54.04.png</FileTarget>
  <FileSize>1751861</FileSize>
  <FileTransferTime>16</FileTransferTime>
  <EncryptionTime>0</EncryptionTime>
  <time>24/02/2022 18:28:10</time>
</Save>

<Save Name="src3">
  <FileSource>C:\Users\Mehme\OneDrive\Bureau\src3\Capture dÔÇÖe╠ücran 2022-02-22 a╠Ç 11.54.53.png</FileSource>
  <FileTarget>C:\Users\Mehme\OneDrive\Bureau\dest3\Capture dÔÇÖe╠ücran 2022-02-22 a╠Ç 11.54.53.png</FileTarget>
  <FileSize>1268571</FileSize>
  <FileTransferTime>26</FileTransferTime>
  <EncryptionTime>0</EncryptionTime>
  <time>24/02/2022 18:28:10</time>
</Save>

<Save Name="src2">
  <FileSource>C:\Users\Mehme\OneDrive\Bureau\src2\Capture dÔÇÖe╠ücran 2022-02-22 a╠Ç 11.54.53.png</FileSource>
  <FileTarget>C:\Users\Mehme\OneDrive\Bureau\dest2\Capture dÔÇÖe╠ücran 2022-02-22 a╠Ç 11.54.53.png</FileTarget>
  <FileSize>1268571</FileSize>
  <FileTransferTime>13</FileTransferTime>
  <EncryptionTime>0</EncryptionTime>
  <time>24/02/2022 18:28:10</time>
</Save>

<Save Name="src1">
  <FileSource>C:\Users\Mehme\OneDrive\Bureau\src1\Capture dÔÇÖe╠ücran 2022-02-22 a╠Ç 11.54.53.png</FileSource>
  <FileTarget>C:\Users\Mehme\OneDrive\Bureau\dest1\Capture dÔÇÖe╠ücran 2022-02-22 a╠Ç 11.54.53.png</FileTarget>
  <FileSize>1268571</FileSize>
  <FileTransferTime>15</FileTransferTime>
  <EncryptionTime>0</EncryptionTime>
  <time>24/02/2022 18:28:10</time>
</Save>

<Save Name="src3">
  <FileSource>C:\Users\Mehme\OneDrive\Bureau\src3\Capture dÔÇÖe╠ücran 2022-02-22 a╠Ç 11.55.23.png</FileSource>
  <FileTarget>C:\Users\Mehme\OneDrive\Bureau\dest3\Capture dÔÇÖe╠ücran 2022-02-22 a╠Ç 11.55.23.png</FileTarget>
  <FileSize>1578437</FileSize>
  <FileTransferTime>25</FileTransferTime>
  <EncryptionTime>0</EncryptionTime>
  <time>24/02/2022 18:28:10</time>
</Save>

<Save Name="src2">
  <FileSource>C:\Users\Mehme\OneDrive\Bureau\src2\Capture dÔÇÖe╠ücran 2022-02-22 a╠Ç 11.55.23.png</FileSource>
  <FileTarget>C:\Users\Mehme\OneDrive\Bureau\dest2\Capture dÔÇÖe╠ücran 2022-02-22 a╠Ç 11.55.23.png</FileTarget>
  <FileSize>1578437</FileSize>
  <FileTransferTime>27</FileTransferTime>
  <EncryptionTime>0</EncryptionTime>
  <time>24/02/2022 18:28:10</time>
</Save>

<Save Name="src1">
  <FileSource>C:\Users\Mehme\OneDrive\Bureau\src1\Capture dÔÇÖe╠ücran 2022-02-22 a╠Ç 11.55.23.png</FileSource>
  <FileTarget>C:\Users\Mehme\OneDrive\Bureau\dest1\Capture dÔÇÖe╠ücran 2022-02-22 a╠Ç 11.55.23.png</FileTarget>
  <FileSize>1578437</FileSize>
  <FileTransferTime>31</FileTransferTime>
  <EncryptionTime>0</EncryptionTime>
  <time>24/02/2022 18:28:10</time>
</Save>

<Save Name="src3">
  <FileSource>C:\Users\Mehme\OneDrive\Bureau\src3\Capture dÔÇÖe╠ücran 2022-02-22 a╠Ç 11.55.39.png</FileSource>
  <FileTarget>C:\Users\Mehme\OneDrive\Bureau\dest3\Capture dÔÇÖe╠ücran 2022-02-22 a╠Ç 11.55.39.png</FileTarget>
  <FileSize>2328884</FileSize>
  <FileTransferTime>25</FileTransferTime>
  <EncryptionTime>0</EncryptionTime>
  <time>24/02/2022 18:28:10</time>
</Save>

<Save Name="src2">
  <FileSource>C:\Users\Mehme\OneDrive\Bureau\src2\Capture dÔÇÖe╠ücran 2022-02-22 a╠Ç 11.55.39.png</FileSource>
  <FileTarget>C:\Users\Mehme\OneDrive\Bureau\dest2\Capture dÔÇÖe╠ücran 2022-02-22 a╠Ç 11.55.39.png</FileTarget>
  <FileSize>2328884</FileSize>
  <FileTransferTime>26</FileTransferTime>
  <EncryptionTime>0</EncryptionTime>
  <time>24/02/2022 18:28:10</time>
</Save>

<Save Name="src1">
  <FileSource>C:\Users\Mehme\OneDrive\Bureau\src1\Capture dÔÇÖe╠ücran 2022-02-22 a╠Ç 11.55.39.png</FileSource>
  <FileTarget>C:\Users\Mehme\OneDrive\Bureau\dest1\Capture dÔÇÖe╠ücran 2022-02-22 a╠Ç 11.55.39.png</FileTarget>
  <FileSize>2328884</FileSize>
  <FileTransferTime>28</FileTransferTime>
  <EncryptionTime>0</EncryptionTime>
  <time>24/02/2022 18:28:10</time>
</Save>

<Save Name="src3">
  <FileSource>C:\Users\Mehme\OneDrive\Bureau\src3\Capture dÔÇÖe╠ücran 2022-02-22 a╠Ç 11.56.21.png</FileSource>
  <FileTarget>C:\Users\Mehme\OneDrive\Bureau\dest3\Capture dÔÇÖe╠ücran 2022-02-22 a╠Ç 11.56.21.png</FileTarget>
  <FileSize>1590474</FileSize>
  <FileTransferTime>15</FileTransferTime>
  <EncryptionTime>0</EncryptionTime>
  <time>24/02/2022 18:28:10</time>
</Save>

<Save Name="src2">
  <FileSource>C:\Users\Mehme\OneDrive\Bureau\src2\Capture dÔÇÖe╠ücran 2022-02-22 a╠Ç 11.56.21.png</FileSource>
  <FileTarget>C:\Users\Mehme\OneDrive\Bureau\dest2\Capture dÔÇÖe╠ücran 2022-02-22 a╠Ç 11.56.21.png</FileTarget>
  <FileSize>1590474</FileSize>
  <FileTransferTime>15</FileTransferTime>
  <EncryptionTime>0</EncryptionTime>
  <time>24/02/2022 18:28:10</time>
</Save>

<Save Name="src3">
  <FileSource>C:\Users\Mehme\OneDrive\Bureau\src3\Capture dÔÇÖe╠ücran 2022-02-22 a╠Ç 11.56.39.png</FileSource>
  <FileTarget>C:\Users\Mehme\OneDrive\Bureau\dest3\Capture dÔÇÖe╠ücran 2022-02-22 a╠Ç 11.56.39.png</FileTarget>
  <FileSize>1483758</FileSize>
  <FileTransferTime>14</FileTransferTime>
  <EncryptionTime>0</EncryptionTime>
  <time>24/02/2022 18:28:10</time>
</Save>

<Save Name="src1">
  <FileSource>C:\Users\Mehme\OneDrive\Bureau\src1\Capture dÔÇÖe╠ücran 2022-02-22 a╠Ç 11.56.21.png</FileSource>
  <FileTarget>C:\Users\Mehme\OneDrive\Bureau\dest1\Capture dÔÇÖe╠ücran 2022-02-22 a╠Ç 11.56.21.png</FileTarget>
  <FileSize>1590474</FileSize>
  <FileTransferTime>18</FileTransferTime>
  <EncryptionTime>0</EncryptionTime>
  <time>24/02/2022 18:28:10</time>
</Save>

<Save Name="src2">
  <FileSource>C:\Users\Mehme\OneDrive\Bureau\src2\Capture dÔÇÖe╠ücran 2022-02-22 a╠Ç 11.56.39.png</FileSource>
  <FileTarget>C:\Users\Mehme\OneDrive\Bureau\dest2\Capture dÔÇÖe╠ücran 2022-02-22 a╠Ç 11.56.39.png</FileTarget>
  <FileSize>1483758</FileSize>
  <FileTransferTime>14</FileTransferTime>
  <EncryptionTime>0</EncryptionTime>
  <time>24/02/2022 18:28:10</time>
</Save>

<Save Name="src3">
  <FileSource>C:\Users\Mehme\OneDrive\Bureau\src3\Capture dÔÇÖe╠ücran 2022-02-22 a╠Ç 11.57.06.png</FileSource>
  <FileTarget>C:\Users\Mehme\OneDrive\Bureau\dest3\Capture dÔÇÖe╠ücran 2022-02-22 a╠Ç 11.57.06.png</FileTarget>
  <FileSize>1193244</FileSize>
  <FileTransferTime>11</FileTransferTime>
  <EncryptionTime>0</EncryptionTime>
  <time>24/02/2022 18:28:10</time>
</Save>

<Save Name="src2">
  <FileSource>C:\Users\Mehme\OneDrive\Bureau\src1\Capture dÔÇÖe╠ücran 2022-02-22 a╠Ç 11.56.39.png</FileSource>
  <FileTarget>C:\Users\Mehme\OneDrive\Bureau\dest1\Capture dÔÇÖe╠ücran 2022-02-22 a╠Ç 11.56.39.png</FileTarget>
  <FileSize>1483758</FileSize>
  <FileTransferTime>15</FileTransferTime>
  <EncryptionTime>0</EncryptionTime>
  <time>24/02/2022 18:28:10</time>
</Save>

<Save Name="src1">
  <FileSource>C:\Users\Mehme\OneDrive\Bureau\src1\Capture dÔÇÖe╠ücran 2022-02-22 a╠Ç 11.56.39.png</FileSource>
  <FileTarget>C:\Users\Mehme\OneDrive\Bureau\dest1\Capture dÔÇÖe╠ücran 2022-02-22 a╠Ç 11.56.39.png</FileTarget>
  <FileSize>1483758</FileSize>
  <FileTransferTime>15</FileTransferTime>
  <EncryptionTime>0</EncryptionTime>
  <time>24/02/2022 18:28:10</time>
</Save>

<Save Name="src3">
  <FileSource>C:\Users\Mehme\OneDrive\Bureau\src3\Capture dÔÇÖe╠ücran 2022-02-22 a╠Ç 11.57.18.png</FileSource>
  <FileTarget>C:\Users\Mehme\OneDrive\Bureau\dest3\Capture dÔÇÖe╠ücran 2022-02-22 a╠Ç 11.57.18.png</FileTarget>
  <FileSize>1217616</FileSize>
  <FileTransferTime>13</FileTransferTime>
  <EncryptionTime>0</EncryptionTime>
  <time>24/02/2022 18:28:10</time>
</Save>

<Save Name="src2">
  <FileSource>C:\Users\Mehme\OneDrive\Bureau\src2\Capture dÔÇÖe╠ücran 2022-02-22 a╠Ç 11.57.18.png</FileSource>
  <FileTarget>C:\Users\Mehme\OneDrive\Bureau\dest2\Capture dÔÇÖe╠ücran 2022-02-22 a╠Ç 11.57.18.png</FileTarget>
  <FileSize>1217616</FileSize>
  <FileTransferTime>12</FileTransferTime>
  <EncryptionTime>0</EncryptionTime>
  <time>24/02/2022 18:28:10</time>
</Save>

<Save Name="src1">
  <FileSource>C:\Users\Mehme\OneDrive\Bureau\src1\Capture dÔÇÖe╠ücran 2022-02-22 a╠Ç 11.57.06.png</FileSource>
  <FileTarget>C:\Users\Mehme\OneDrive\Bureau\dest1\Capture dÔÇÖe╠ücran 2022-02-22 a╠Ç 11.57.06.png</FileTarget>
  <FileSize>1193244</FileSize>
  <FileTransferTime>12</FileTransferTime>
  <EncryptionTime>0</EncryptionTime>
  <time>24/02/2022 18:28:10</time>
</Save>

<Save Name="src3">
  <FileSource>C:\Users\Mehme\OneDrive\Bureau\src3\Capture dÔÇÖe╠ücran 2022-02-22 a╠Ç 11.57.31.png</FileSource>
  <FileTarget>C:\Users\Mehme\OneDrive\Bureau\dest3\Capture dÔÇÖe╠ücran 2022-02-22 a╠Ç 11.57.31.png</FileTarget>
  <FileSize>1513864</FileSize>
  <FileTransferTime>15</FileTransferTime>
  <EncryptionTime>0</EncryptionTime>
  <time>24/02/2022 18:28:10</time>
</Save>

<Save Name="src1">
  <FileSource>C:\Users\Mehme\OneDrive\Bureau\src1\Capture dÔÇÖe╠ücran 2022-02-22 a╠Ç 11.57.18.png</FileSource>
  <FileTarget>C:\Users\Mehme\OneDrive\Bureau\dest1\Capture dÔÇÖe╠ücran 2022-02-22 a╠Ç 11.57.18.png</FileTarget>
  <FileSize>1217616</FileSize>
  <FileTransferTime>12</FileTransferTime>
  <EncryptionTime>0</EncryptionTime>
  <time>24/02/2022 18:28:10</time>
</Save>

<Save Name="src2">
  <FileSource>C:\Users\Mehme\OneDrive\Bureau\src2\Capture dÔÇÖe╠ücran 2022-02-22 a╠Ç 11.57.31.png</FileSource>
  <FileTarget>C:\Users\Mehme\OneDrive\Bureau\dest2\Capture dÔÇÖe╠ücran 2022-02-22 a╠Ç 11.57.31.png</FileTarget>
  <FileSize>1513864</FileSize>
  <FileTransferTime>14</FileTransferTime>
  <EncryptionTime>0</EncryptionTime>
  <time>24/02/2022 18:28:10</time>
</Save>

<Save Name="src3">
  <FileSource>C:\Users\Mehme\OneDrive\Bureau\src3\Capture dÔÇÖe╠ücran 2022-02-22 a╠Ç 11.57.34.png</FileSource>
  <FileTarget>C:\Users\Mehme\OneDrive\Bureau\dest3\Capture dÔÇÖe╠ücran 2022-02-22 a╠Ç 11.57.34.png</FileTarget>
  <FileSize>1401650</FileSize>
  <FileTransferTime>13</FileTransferTime>
  <EncryptionTime>0</EncryptionTime>
  <time>24/02/2022 18:28:10</time>
</Save>

<Save Name="src2">
  <FileSource>C:\Users\Mehme\OneDrive\Bureau\src2\Capture dÔÇÖe╠ücran 2022-02-22 a╠Ç 11.57.34.png</FileSource>
  <FileTarget>C:\Users\Mehme\OneDrive\Bureau\dest2\Capture dÔÇÖe╠ücran 2022-02-22 a╠Ç 11.57.34.png</FileTarget>
  <FileSize>1401650</FileSize>
  <FileTransferTime>13</FileTransferTime>
  <EncryptionTime>0</EncryptionTime>
  <time>24/02/2022 18:28:10</time>
</Save>

<Save Name="src1">
  <FileSource>C:\Users\Mehme\OneDrive\Bureau\src1\Capture dÔÇÖe╠ücran 2022-02-22 a╠Ç 11.57.31.png</FileSource>
  <FileTarget>C:\Users\Mehme\OneDrive\Bureau\dest1\Capture dÔÇÖe╠ücran 2022-02-22 a╠Ç 11.57.31.png</FileTarget>
  <FileSize>1513864</FileSize>
  <FileTransferTime>17</FileTransferTime>
  <EncryptionTime>0</EncryptionTime>
  <time>24/02/2022 18:28:10</time>
</Save>

<Save Name="src3">
  <FileSource>C:\Users\Mehme\OneDrive\Bureau\src3\Capture dÔÇÖe╠ücran 2022-02-22 a╠Ç 11.57.36.png</FileSource>
  <FileTarget>C:\Users\Mehme\OneDrive\Bureau\dest3\Capture dÔÇÖe╠ücran 2022-02-22 a╠Ç 11.57.36.png</FileTarget>
  <FileSize>1453504</FileSize>
  <FileTransferTime>16</FileTransferTime>
  <EncryptionTime>0</EncryptionTime>
  <time>24/02/2022 18:28:10</time>
</Save>

<Save Name="src2">
  <FileSource>C:\Users\Mehme\OneDrive\Bureau\src1\Capture dÔÇÖe╠ücran 2022-02-22 a╠Ç 11.57.34.png</FileSource>
  <FileTarget>C:\Users\Mehme\OneDrive\Bureau\dest1\Capture dÔÇÖe╠ücran 2022-02-22 a╠Ç 11.57.34.png</FileTarget>
  <FileSize>1401650</FileSize>
  <FileTransferTime>13</FileTransferTime>
  <EncryptionTime>0</EncryptionTime>
  <time>24/02/2022 18:28:10</time>
</Save>

<Save Name="src1">
  <FileSource>C:\Users\Mehme\OneDrive\Bureau\src1\Capture dÔÇÖe╠ücran 2022-02-22 a╠Ç 11.57.34.png</FileSource>
  <FileTarget>C:\Users\Mehme\OneDrive\Bureau\dest1\Capture dÔÇÖe╠ücran 2022-02-22 a╠Ç 11.57.34.png</FileTarget>
  <FileSize>1401650</FileSize>
  <FileTransferTime>13</FileTransferTime>
  <EncryptionTime>0</EncryptionTime>
  <time>24/02/2022 18:28:10</time>
</Save>

<Save Name="src3">
  <FileSource>C:\Users\Mehme\OneDrive\Bureau\src3\Capture dÔÇÖe╠ücran 2022-02-22 a╠Ç 11.57.58.png</FileSource>
  <FileTarget>C:\Users\Mehme\OneDrive\Bureau\dest3\Capture dÔÇÖe╠ücran 2022-02-22 a╠Ç 11.57.58.png</FileTarget>
  <FileSize>1454698</FileSize>
  <FileTransferTime>14</FileTransferTime>
  <EncryptionTime>0</EncryptionTime>
  <time>24/02/2022 18:28:10</time>
</Save>

<Save Name="src1">
  <FileSource>C:\Users\Mehme\OneDrive\Bureau\src1\Capture dÔÇÖe╠ücran 2022-02-22 a╠Ç 11.57.36.png</FileSource>
  <FileTarget>C:\Users\Mehme\OneDrive\Bureau\dest1\Capture dÔÇÖe╠ücran 2022-02-22 a╠Ç 11.57.36.png</FileTarget>
  <FileSize>1453504</FileSize>
  <FileTransferTime>14</FileTransferTime>
  <EncryptionTime>0</EncryptionTime>
  <time>24/02/2022 18:28:10</time>
</Save>

<Save Name="src2">
  <FileSource>C:\Users\Mehme\OneDrive\Bureau\src2\Capture dÔÇÖe╠ücran 2022-02-22 a╠Ç 11.57.58.png</FileSource>
  <FileTarget>C:\Users\Mehme\OneDrive\Bureau\dest2\Capture dÔÇÖe╠ücran 2022-02-22 a╠Ç 11.57.58.png</FileTarget>
  <FileSize>1454698</FileSize>
  <FileTransferTime>15</FileTransferTime>
  <EncryptionTime>0</EncryptionTime>
  <time>24/02/2022 18:28:10</time>
</Save>

<Save Name="src3">
  <FileSource>C:\Users\Mehme\OneDrive\Bureau\src3\Capture dÔÇÖe╠ücran 2022-02-22 a╠Ç 11.58.02.png</FileSource>
  <FileTarget>C:\Users\Mehme\OneDrive\Bureau\dest3\Capture dÔÇÖe╠ücran 2022-02-22 a╠Ç 11.58.02.png</FileTarget>
  <FileSize>1532984</FileSize>
  <FileTransferTime>15</FileTransferTime>
  <EncryptionTime>0</EncryptionTime>
  <time>24/02/2022 18:28:10</time>
</Save>

<Save Name="src1">
  <FileSource>C:\Users\Mehme\OneDrive\Bureau\src1\Capture dÔÇÖe╠ücran 2022-02-22 a╠Ç 11.57.58.png</FileSource>
  <FileTarget>C:\Users\Mehme\OneDrive\Bureau\dest1\Capture dÔÇÖe╠ücran 2022-02-22 a╠Ç 11.57.58.png</FileTarget>
  <FileSize>1454698</FileSize>
  <FileTransferTime>14</FileTransferTime>
  <EncryptionTime>0</EncryptionTime>
  <time>24/02/2022 18:28:10</time>
</Save>

<Save Name="src2">
  <FileSource>C:\Users\Mehme\OneDrive\Bureau\src2\Capture dÔÇÖe╠ücran 2022-02-22 a╠Ç 11.58.02.png</FileSource>
  <FileTarget>C:\Users\Mehme\OneDrive\Bureau\dest2\Capture dÔÇÖe╠ücran 2022-02-22 a╠Ç 11.58.02.png</FileTarget>
  <FileSize>1532984</FileSize>
  <FileTransferTime>17</FileTransferTime>
  <EncryptionTime>0</EncryptionTime>
  <time>24/02/2022 18:28:10</time>
</Save>

<Save Name="src1">
  <FileSource>C:\Users\Mehme\OneDrive\Bureau\src1\Capture dÔÇÖe╠ücran 2022-02-22 a╠Ç 11.58.02.png</FileSource>
  <FileTarget>C:\Users\Mehme\OneDrive\Bureau\dest1\Capture dÔÇÖe╠ücran 2022-02-22 a╠Ç 11.58.02.png</FileTarget>
  <FileSize>1532984</FileSize>
  <FileTransferTime>15</FileTransferTime>
  <EncryptionTime>0</EncryptionTime>
  <time>24/02/2022 18:28:10</time>
</Save>

<Save Name="src3">
  <FileSource>C:\Users\Mehme\OneDrive\Bureau\src3\Capture dÔÇÖe╠ücran 2022-02-22 a╠Ç 11.58.45.png</FileSource>
  <FileTarget>C:\Users\Mehme\OneDrive\Bureau\dest3\Capture dÔÇÖe╠ücran 2022-02-22 a╠Ç 11.58.45.png</FileTarget>
  <FileSize>2920340</FileSize>
  <FileTransferTime>28</FileTransferTime>
  <EncryptionTime>0</EncryptionTime>
  <time>24/02/2022 18:28:10</time>
</Save>

<Save Name="src2">
  <FileSource>C:\Users\Mehme\OneDrive\Bureau\src2\Capture dÔÇÖe╠ücran 2022-02-22 a╠Ç 11.58.45.png</FileSource>
  <FileTarget>C:\Users\Mehme\OneDrive\Bureau\dest2\Capture dÔÇÖe╠ücran 2022-02-22 a╠Ç 11.58.45.png</FileTarget>
  <FileSize>2920340</FileSize>
  <FileTransferTime>28</FileTransferTime>
  <EncryptionTime>0</EncryptionTime>
  <time>24/02/2022 18:28:10</time>
</Save>

<Save Name="src3">
  <FileSource>C:\Users\Mehme\OneDrive\Bureau\src3\Capture dÔÇÖe╠ücran 2022-02-22 a╠Ç 11.59.41.png</FileSource>
  <FileTarget>C:\Users\Mehme\OneDrive\Bureau\dest3\Capture dÔÇÖe╠ücran 2022-02-22 a╠Ç 11.59.41.png</FileTarget>
  <FileSize>1620104</FileSize>
  <FileTransferTime>16</FileTransferTime>
  <EncryptionTime>0</EncryptionTime>
  <time>24/02/2022 18:28:10</time>
</Save>

<Save Name="src1">
  <FileSource>C:\Users\Mehme\OneDrive\Bureau\src1\Capture dÔÇÖe╠ücran 2022-02-22 a╠Ç 11.58.45.png</FileSource>
  <FileTarget>C:\Users\Mehme\OneDrive\Bureau\dest1\Capture dÔÇÖe╠ücran 2022-02-22 a╠Ç 11.58.45.png</FileTarget>
  <FileSize>2920340</FileSize>
  <FileTransferTime>31</FileTransferTime>
  <EncryptionTime>0</EncryptionTime>
  <time>24/02/2022 18:28:10</time>
</Save>

<Save Name="src2">
  <FileSource>C:\Users\Mehme\OneDrive\Bureau\src2\Capture dÔÇÖe╠ücran 2022-02-22 a╠Ç 11.59.41.png</FileSource>
  <FileTarget>C:\Users\Mehme\OneDrive\Bureau\dest2\Capture dÔÇÖe╠ücran 2022-02-22 a╠Ç 11.59.41.png</FileTarget>
  <FileSize>1620104</FileSize>
  <FileTransferTime>16</FileTransferTime>
  <EncryptionTime>0</EncryptionTime>
  <time>24/02/2022 18:28:10</time>
</Save>

<Save Name="src3">
  <FileSource>C:\Users\Mehme\OneDrive\Bureau\src3\Capture dÔÇÖe╠ücran 2022-02-22 a╠Ç 11.59.44.png</FileSource>
  <FileTarget>C:\Users\Mehme\OneDrive\Bureau\dest3\Capture dÔÇÖe╠ücran 2022-02-22 a╠Ç 11.59.44.png</FileTarget>
  <FileSize>1708392</FileSize>
  <FileTransferTime>17</FileTransferTime>
  <EncryptionTime>0</EncryptionTime>
  <time>24/02/2022 18:28:10</time>
</Save>

<Save Name="src1">
  <FileSource>C:\Users\Mehme\OneDrive\Bureau\src1\Capture dÔÇÖe╠ücran 2022-02-22 a╠Ç 11.59.41.png</FileSource>
  <FileTarget>C:\Users\Mehme\OneDrive\Bureau\dest1\Capture dÔÇÖe╠ücran 2022-02-22 a╠Ç 11.59.41.png</FileTarget>
  <FileSize>1620104</FileSize>
  <FileTransferTime>15</FileTransferTime>
  <EncryptionTime>0</EncryptionTime>
  <time>24/02/2022 18:28:10</time>
</Save>

<Save Name="src2">
  <FileSource>C:\Users\Mehme\OneDrive\Bureau\src2\Capture dÔÇÖe╠ücran 2022-02-22 a╠Ç 11.59.44.png</FileSource>
  <FileTarget>C:\Users\Mehme\OneDrive\Bureau\dest2\Capture dÔÇÖe╠ücran 2022-02-22 a╠Ç 11.59.44.png</FileTarget>
  <FileSize>1708392</FileSize>
  <FileTransferTime>16</FileTransferTime>
  <EncryptionTime>0</EncryptionTime>
  <time>24/02/2022 18:28:10</time>
</Save>

<Save Name="src3">
  <FileSource>C:\Users\Mehme\OneDrive\Bureau\src3\Capture dÔÇÖe╠ücran 2022-02-22 a╠Ç 12.00.24.png</FileSource>
  <FileTarget>C:\Users\Mehme\OneDrive\Bureau\dest3\Capture dÔÇÖe╠ücran 2022-02-22 a╠Ç 12.00.24.png</FileTarget>
  <FileSize>1746743</FileSize>
  <FileTransferTime>18</FileTransferTime>
  <EncryptionTime>0</EncryptionTime>
  <time>24/02/2022 18:28:10</time>
</Save>

<Save Name="src1">
  <FileSource>C:\Users\Mehme\OneDrive\Bureau\src1\Capture dÔÇÖe╠ücran 2022-02-22 a╠Ç 11.59.44.png</FileSource>
  <FileTarget>C:\Users\Mehme\OneDrive\Bureau\dest1\Capture dÔÇÖe╠ücran 2022-02-22 a╠Ç 11.59.44.png</FileTarget>
  <FileSize>1708392</FileSize>
  <FileTransferTime>16</FileTransferTime>
  <EncryptionTime>0</EncryptionTime>
  <time>24/02/2022 18:28:10</time>
</Save>

<Save Name="src2">
  <FileSource>C:\Users\Mehme\OneDrive\Bureau\src2\Capture dÔÇÖe╠ücran 2022-02-22 a╠Ç 12.00.24.png</FileSource>
  <FileTarget>C:\Users\Mehme\OneDrive\Bureau\dest2\Capture dÔÇÖe╠ücran 2022-02-22 a╠Ç 12.00.24.png</FileTarget>
  <FileSize>1746743</FileSize>
  <FileTransferTime>16</FileTransferTime>
  <EncryptionTime>0</EncryptionTime>
  <time>24/02/2022 18:28:10</time>
</Save>

<Save Name="src3">
  <FileSource>C:\Users\Mehme\OneDrive\Bureau\src3\Capture dÔÇÖe╠ücran 2022-02-22 a╠Ç 12.00.55.png</FileSource>
  <FileTarget>C:\Users\Mehme\OneDrive\Bureau\dest3\Capture dÔÇÖe╠ücran 2022-02-22 a╠Ç 12.00.55.png</FileTarget>
  <FileSize>1538080</FileSize>
  <FileTransferTime>15</FileTransferTime>
  <EncryptionTime>0</EncryptionTime>
  <time>24/02/2022 18:28:10</time>
</Save>

<Save Name="src2">
  <FileSource>C:\Users\Mehme\OneDrive\Bureau\src2\Capture dÔÇÖe╠ücran 2022-02-22 a╠Ç 12.00.55.png</FileSource>
  <FileTarget>C:\Users\Mehme\OneDrive\Bureau\dest2\Capture dÔÇÖe╠ücran 2022-02-22 a╠Ç 12.00.55.png</FileTarget>
  <FileSize>1538080</FileSize>
  <FileTransferTime>14</FileTransferTime>
  <EncryptionTime>0</EncryptionTime>
  <time>24/02/2022 18:28:10</time>
</Save>

<Save Name="src1">
  <FileSource>C:\Users\Mehme\OneDrive\Bureau\src1\Capture dÔÇÖe╠ücran 2022-02-22 a╠Ç 12.00.24.png</FileSource>
  <FileTarget>C:\Users\Mehme\OneDrive\Bureau\dest1\Capture dÔÇÖe╠ücran 2022-02-22 a╠Ç 12.00.24.png</FileTarget>
  <FileSize>1746743</FileSize>
  <FileTransferTime>18</FileTransferTime>
  <EncryptionTime>0</EncryptionTime>
  <time>24/02/2022 18:28:10</time>
</Save>

<Save Name="src3">
  <FileSource>C:\Users\Mehme\OneDrive\Bureau\src3\Capture dÔÇÖe╠ücran 2022-02-22 a╠Ç 12.00.59.png</FileSource>
  <FileTarget>C:\Users\Mehme\OneDrive\Bureau\dest3\Capture dÔÇÖe╠ücran 2022-02-22 a╠Ç 12.00.59.png</FileTarget>
  <FileSize>1709283</FileSize>
  <FileTransferTime>16</FileTransferTime>
  <EncryptionTime>0</EncryptionTime>
  <time>24/02/2022 18:28:10</time>
</Save>

<Save Name="src2">
  <FileSource>C:\Users\Mehme\OneDrive\Bureau\src2\Capture dÔÇÖe╠ücran 2022-02-22 a╠Ç 12.00.59.png</FileSource>
  <FileTarget>C:\Users\Mehme\OneDrive\Bureau\dest2\Capture dÔÇÖe╠ücran 2022-02-22 a╠Ç 12.00.59.png</FileTarget>
  <FileSize>1709283</FileSize>
  <FileTransferTime>17</FileTransferTime>
  <EncryptionTime>0</EncryptionTime>
  <time>24/02/2022 18:28:10</time>
</Save>

<Save Name="src1">
  <FileSource>C:\Users\Mehme\OneDrive\Bureau\src1\Capture dÔÇÖe╠ücran 2022-02-22 a╠Ç 12.00.55.png</FileSource>
  <FileTarget>C:\Users\Mehme\OneDrive\Bureau\dest1\Capture dÔÇÖe╠ücran 2022-02-22 a╠Ç 12.00.55.png</FileTarget>
  <FileSize>1538080</FileSize>
  <FileTransferTime>18</FileTransferTime>
  <EncryptionTime>0</EncryptionTime>
  <time>24/02/2022 18:28:10</time>
</Save>

<Save Name="src3">
  <FileSource>C:\Users\Mehme\OneDrive\Bureau\src3\Capture dÔÇÖe╠ücran 2022-02-22 a╠Ç 12.01.24.png</FileSource>
  <FileTarget>C:\Users\Mehme\OneDrive\Bureau\dest3\Capture dÔÇÖe╠ücran 2022-02-22 a╠Ç 12.01.24.png</FileTarget>
  <FileSize>1662657</FileSize>
  <FileTransferTime>16</FileTransferTime>
  <EncryptionTime>0</EncryptionTime>
  <time>24/02/2022 18:28:10</time>
</Save>

<Save Name="src2">
  <FileSource>C:\Users\Mehme\OneDrive\Bureau\src2\Capture dÔÇÖe╠ücran 2022-02-22 a╠Ç 12.01.24.png</FileSource>
  <FileTarget>C:\Users\Mehme\OneDrive\Bureau\dest2\Capture dÔÇÖe╠ücran 2022-02-22 a╠Ç 12.01.24.png</FileTarget>
  <FileSize>1662657</FileSize>
  <FileTransferTime>18</FileTransferTime>
  <EncryptionTime>0</EncryptionTime>
  <time>24/02/2022 18:28:10</time>
</Save>

<Save Name="src1">
  <FileSource>C:\Users\Mehme\OneDrive\Bureau\src1\Capture dÔÇÖe╠ücran 2022-02-22 a╠Ç 12.00.59.png</FileSource>
  <FileTarget>C:\Users\Mehme\OneDrive\Bureau\dest1\Capture dÔÇÖe╠ücran 2022-02-22 a╠Ç 12.00.59.png</FileTarget>
  <FileSize>1709283</FileSize>
  <FileTransferTime>19</FileTransferTime>
  <EncryptionTime>0</EncryptionTime>
  <time>24/02/2022 18:28:10</time>
</Save>

<Save Name="src3">
  <FileSource>C:\Users\Mehme\OneDrive\Bureau\src3\Capture dÔÇÖe╠ücran 2022-02-22 a╠Ç 12.01.32.png</FileSource>
  <FileTarget>C:\Users\Mehme\OneDrive\Bureau\dest3\Capture dÔÇÖe╠ücran 2022-02-22 a╠Ç 12.01.32.png</FileTarget>
  <FileSize>1901873</FileSize>
  <FileTransferTime>20</FileTransferTime>
  <EncryptionTime>0</EncryptionTime>
  <time>24/02/2022 18:28:10</time>
</Save>

<Save Name="src1">
  <FileSource>C:\Users\Mehme\OneDrive\Bureau\src1\Capture dÔÇÖe╠ücran 2022-02-22 a╠Ç 12.01.24.png</FileSource>
  <FileTarget>C:\Users\Mehme\OneDrive\Bureau\dest1\Capture dÔÇÖe╠ücran 2022-02-22 a╠Ç 12.01.24.png</FileTarget>
  <FileSize>1662657</FileSize>
  <FileTransferTime>17</FileTransferTime>
  <EncryptionTime>0</EncryptionTime>
  <time>24/02/2022 18:28:10</time>
</Save>

<Save Name="src2">
  <FileSource>C:\Users\Mehme\OneDrive\Bureau\src2\Capture dÔÇÖe╠ücran 2022-02-22 a╠Ç 12.01.32.png</FileSource>
  <FileTarget>C:\Users\Mehme\OneDrive\Bureau\dest2\Capture dÔÇÖe╠ücran 2022-02-22 a╠Ç 12.01.32.png</FileTarget>
  <FileSize>1901873</FileSize>
  <FileTransferTime>25</FileTransferTime>
  <EncryptionTime>0</EncryptionTime>
  <time>24/02/2022 18:28:10</time>
</Save>

<Save Name="src3">
  <FileSource>C:\Users\Mehme\OneDrive\Bureau\src3\Capture dÔÇÖe╠ücran 2022-02-22 a╠Ç 12.02.18.png</FileSource>
  <FileTarget>C:\Users\Mehme\OneDrive\Bureau\dest3\Capture dÔÇÖe╠ücran 2022-02-22 a╠Ç 12.02.18.png</FileTarget>
  <FileSize>1668908</FileSize>
  <FileTransferTime>16</FileTransferTime>
  <EncryptionTime>0</EncryptionTime>
  <time>24/02/2022 18:28:10</time>
</Save>

<Save Name="src1">
  <FileSource>C:\Users\Mehme\OneDrive\Bureau\src1\Capture dÔÇÖe╠ücran 2022-02-22 a╠Ç 12.01.32.png</FileSource>
  <FileTarget>C:\Users\Mehme\OneDrive\Bureau\dest1\Capture dÔÇÖe╠ücran 2022-02-22 a╠Ç 12.01.32.png</FileTarget>
  <FileSize>1901873</FileSize>
  <FileTransferTime>19</FileTransferTime>
  <EncryptionTime>0</EncryptionTime>
  <time>24/02/2022 18:28:10</time>
</Save>

<Save Name="src2">
  <FileSource>C:\Users\Mehme\OneDrive\Bureau\src2\Capture dÔÇÖe╠ücran 2022-02-22 a╠Ç 12.02.18.png</FileSource>
  <FileTarget>C:\Users\Mehme\OneDrive\Bureau\dest2\Capture dÔÇÖe╠ücran 2022-02-22 a╠Ç 12.02.18.png</FileTarget>
  <FileSize>1668908</FileSize>
  <FileTransferTime>16</FileTransferTime>
  <EncryptionTime>0</EncryptionTime>
  <time>24/02/2022 18:28:10</time>
</Save>

<Save Name="src3">
  <FileSource>C:\Users\Mehme\OneDrive\Bureau\src3\Capture dÔÇÖe╠ücran 2022-02-22 a╠Ç 12.02.19.png</FileSource>
  <FileTarget>C:\Users\Mehme\OneDrive\Bureau\dest3\Capture dÔÇÖe╠ücran 2022-02-22 a╠Ç 12.02.19.png</FileTarget>
  <FileSize>1698943</FileSize>
  <FileTransferTime>16</FileTransferTime>
  <EncryptionTime>0</EncryptionTime>
  <time>24/02/2022 18:28:10</time>
</Save>

<Save Name="src1">
  <FileSource>C:\Users\Mehme\OneDrive\Bureau\src1\Capture dÔÇÖe╠ücran 2022-02-22 a╠Ç 12.02.18.png</FileSource>
  <FileTarget>C:\Users\Mehme\OneDrive\Bureau\dest1\Capture dÔÇÖe╠ücran 2022-02-22 a╠Ç 12.02.18.png</FileTarget>
  <FileSize>1668908</FileSize>
  <FileTransferTime>16</FileTransferTime>
  <EncryptionTime>0</EncryptionTime>
  <time>24/02/2022 18:28:10</time>
</Save>

<Save Name="src2">
  <FileSource>C:\Users\Mehme\OneDrive\Bureau\src2\Capture dÔÇÖe╠ücran 2022-02-22 a╠Ç 12.02.19.png</FileSource>
  <FileTarget>C:\Users\Mehme\OneDrive\Bureau\dest2\Capture dÔÇÖe╠ücran 2022-02-22 a╠Ç 12.02.19.png</FileTarget>
  <FileSize>1698943</FileSize>
  <FileTransferTime>17</FileTransferTime>
  <EncryptionTime>0</EncryptionTime>
  <time>24/02/2022 18:28:10</time>
</Save>

<Save Name="src3">
  <FileSource>C:\Users\Mehme\OneDrive\Bureau\src3\Capture dÔÇÖe╠ücran 2022-02-22 a╠Ç 12.02.32.png</FileSource>
  <FileTarget>C:\Users\Mehme\OneDrive\Bureau\dest3\Capture dÔÇÖe╠ücran 2022-02-22 a╠Ç 12.02.32.png</FileTarget>
  <FileSize>1835274</FileSize>
  <FileTransferTime>17</FileTransferTime>
  <EncryptionTime>0</EncryptionTime>
  <time>24/02/2022 18:28:11</time>
</Save>

<Save Name="src1">
  <FileSource>C:\Users\Mehme\OneDrive\Bureau\src1\Capture dÔÇÖe╠ücran 2022-02-22 a╠Ç 12.02.19.png</FileSource>
  <FileTarget>C:\Users\Mehme\OneDrive\Bureau\dest1\Capture dÔÇÖe╠ücran 2022-02-22 a╠Ç 12.02.19.png</FileTarget>
  <FileSize>1698943</FileSize>
  <FileTransferTime>20</FileTransferTime>
  <EncryptionTime>0</EncryptionTime>
  <time>24/02/2022 18:28:11</time>
</Save>

<Save Name="src2">
  <FileSource>C:\Users\Mehme\OneDrive\Bureau\src2\Capture dÔÇÖe╠ücran 2022-02-22 a╠Ç 12.02.32.png</FileSource>
  <FileTarget>C:\Users\Mehme\OneDrive\Bureau\dest2\Capture dÔÇÖe╠ücran 2022-02-22 a╠Ç 12.02.32.png</FileTarget>
  <FileSize>1835274</FileSize>
  <FileTransferTime>18</FileTransferTime>
  <EncryptionTime>0</EncryptionTime>
  <time>24/02/2022 18:28:11</time>
</Save>

<Save Name="src3">
  <FileSource>C:\Users\Mehme\OneDrive\Bureau\src3\Capture dÔÇÖe╠ücran 2022-02-22 a╠Ç 12.02.39.png</FileSource>
  <FileTarget>C:\Users\Mehme\OneDrive\Bureau\dest3\Capture dÔÇÖe╠ücran 2022-02-22 a╠Ç 12.02.39.png</FileTarget>
  <FileSize>1756588</FileSize>
  <FileTransferTime>24</FileTransferTime>
  <EncryptionTime>0</EncryptionTime>
  <time>24/02/2022 18:28:11</time>
</Save>

<Save Name="src2">
  <FileSource>C:\Users\Mehme\OneDrive\Bureau\src1\Capture dÔÇÖe╠ücran 2022-02-22 a╠Ç 12.02.32.png</FileSource>
  <FileTarget>C:\Users\Mehme\OneDrive\Bureau\dest1\Capture dÔÇÖe╠ücran 2022-02-22 a╠Ç 12.02.32.png</FileTarget>
  <FileSize>1835274</FileSize>
  <FileTransferTime>25</FileTransferTime>
  <EncryptionTime>0</EncryptionTime>
  <time>24/02/2022 18:28:11</time>
</Save>

<Save Name="src1">
  <FileSource>C:\Users\Mehme\OneDrive\Bureau\src1\Capture dÔÇÖe╠ücran 2022-02-22 a╠Ç 12.02.32.png</FileSource>
  <FileTarget>C:\Users\Mehme\OneDrive\Bureau\dest1\Capture dÔÇÖe╠ücran 2022-02-22 a╠Ç 12.02.32.png</FileTarget>
  <FileSize>1835274</FileSize>
  <FileTransferTime>25</FileTransferTime>
  <EncryptionTime>0</EncryptionTime>
  <time>24/02/2022 18:28:11</time>
</Save>

<Save Name="src3">
  <FileSource>C:\Users\Mehme\OneDrive\Bureau\src3\Capture dÔÇÖe╠ücran 2022-02-22 a╠Ç 12.02.49.png</FileSource>
  <FileTarget>C:\Users\Mehme\OneDrive\Bureau\dest3\Capture dÔÇÖe╠ücran 2022-02-22 a╠Ç 12.02.49.png</FileTarget>
  <FileSize>1691029</FileSize>
  <FileTransferTime>14</FileTransferTime>
  <EncryptionTime>0</EncryptionTime>
  <time>24/02/2022 18:28:11</time>
</Save>

<Save Name="src2">
  <FileSource>C:\Users\Mehme\OneDrive\Bureau\src2\Capture dÔÇÖe╠ücran 2022-02-22 a╠Ç 12.02.49.png</FileSource>
  <FileTarget>C:\Users\Mehme\OneDrive\Bureau\dest2\Capture dÔÇÖe╠ücran 2022-02-22 a╠Ç 12.02.49.png</FileTarget>
  <FileSize>1691029</FileSize>
  <FileTransferTime>14</FileTransferTime>
  <EncryptionTime>0</EncryptionTime>
  <time>24/02/2022 18:28:11</time>
</Save>

<Save Name="src1">
  <FileSource>C:\Users\Mehme\OneDrive\Bureau\src1\Capture dÔÇÖe╠ücran 2022-02-22 a╠Ç 12.02.39.png</FileSource>
  <FileTarget>C:\Users\Mehme\OneDrive\Bureau\dest1\Capture dÔÇÖe╠ücran 2022-02-22 a╠Ç 12.02.39.png</FileTarget>
  <FileSize>1756588</FileSize>
  <FileTransferTime>15</FileTransferTime>
  <EncryptionTime>0</EncryptionTime>
  <time>24/02/2022 18:28:11</time>
</Save>

<Save Name="src3">
  <FileSource>C:\Users\Mehme\OneDrive\Bureau\src3\Capture dÔÇÖe╠ücran 2022-02-22 a╠Ç 12.03.10.png</FileSource>
  <FileTarget>C:\Users\Mehme\OneDrive\Bureau\dest3\Capture dÔÇÖe╠ücran 2022-02-22 a╠Ç 12.03.10.png</FileTarget>
  <FileSize>1520416</FileSize>
  <FileTransferTime>12</FileTransferTime>
  <EncryptionTime>0</EncryptionTime>
  <time>24/02/2022 18:28:11</time>
</Save>

<Save Name="src1">
  <FileSource>C:\Users\Mehme\OneDrive\Bureau\src1\Capture dÔÇÖe╠ücran 2022-02-22 a╠Ç 12.02.49.png</FileSource>
  <FileTarget>C:\Users\Mehme\OneDrive\Bureau\dest1\Capture dÔÇÖe╠ücran 2022-02-22 a╠Ç 12.02.49.png</FileTarget>
  <FileSize>1691029</FileSize>
  <FileTransferTime>15</FileTransferTime>
  <EncryptionTime>0</EncryptionTime>
  <time>24/02/2022 18:28:11</time>
</Save>

<Save Name="src3">
  <FileSource>C:\Users\Mehme\OneDrive\Bureau\src2\Capture dÔÇÖe╠ücran 2022-02-22 a╠Ç 12.03.10.png</FileSource>
  <FileTarget>C:\Users\Mehme\OneDrive\Bureau\dest2\Capture dÔÇÖe╠ücran 2022-02-22 a╠Ç 12.03.10.png</FileTarget>
  <FileSize>1520416</FileSize>
  <FileTransferTime>17</FileTransferTime>
  <EncryptionTime>0</EncryptionTime>
  <time>24/02/2022 18:28:11</time>
</Save>

<Save Name="src2">
  <FileSource>C:\Users\Mehme\OneDrive\Bureau\src2\Capture dÔÇÖe╠ücran 2022-02-22 a╠Ç 12.03.10.png</FileSource>
  <FileTarget>C:\Users\Mehme\OneDrive\Bureau\dest2\Capture dÔÇÖe╠ücran 2022-02-22 a╠Ç 12.03.10.png</FileTarget>
  <FileSize>1520416</FileSize>
  <FileTransferTime>17</FileTransferTime>
  <EncryptionTime>0</EncryptionTime>
  <time>24/02/2022 18:28:11</time>
</Save>

<Save Name="src1">
  <FileSource>C:\Users\Mehme\OneDrive\Bureau\src1\Capture dÔÇÖe╠ücran 2022-02-22 a╠Ç 12.03.10.png</FileSource>
  <FileTarget>C:\Users\Mehme\OneDrive\Bureau\dest1\Capture dÔÇÖe╠ücran 2022-02-22 a╠Ç 12.03.10.png</FileTarget>
  <FileSize>1520416</FileSize>
  <FileTransferTime>12</FileTransferTime>
  <EncryptionTime>0</EncryptionTime>
  <time>24/02/2022 18:28:11</time>
</Save>

<Save Name="src2">
  <FileSource>C:\Users\Mehme\OneDrive\Bureau\src2\Capture dÔÇÖe╠ücran 2022-02-22 a╠Ç 12.04.50.png</FileSource>
  <FileTarget>C:\Users\Mehme\OneDrive\Bureau\dest2\Capture dÔÇÖe╠ücran 2022-02-22 a╠Ç 12.04.50.png</FileTarget>
  <FileSize>1503362</FileSize>
  <FileTransferTime>13</FileTransferTime>
  <EncryptionTime>0</EncryptionTime>
  <time>24/02/2022 18:28:11</time>
</Save>

<Save Name="src3">
  <FileSource>C:\Users\Mehme\OneDrive\Bureau\src3\Capture dÔÇÖe╠ücran 2022-02-22 a╠Ç 12.05.45.png</FileSource>
  <FileTarget>C:\Users\Mehme\OneDrive\Bureau\dest3\Capture dÔÇÖe╠ücran 2022-02-22 a╠Ç 12.05.45.png</FileTarget>
  <FileSize>2742474</FileSize>
  <FileTransferTime>22</FileTransferTime>
  <EncryptionTime>0</EncryptionTime>
  <time>24/02/2022 18:28:11</time>
</Save>

<Save Name="src1">
  <FileSource>C:\Users\Mehme\OneDrive\Bureau\src1\Capture dÔÇÖe╠ücran 2022-02-22 a╠Ç 12.04.50.png</FileSource>
  <FileTarget>C:\Users\Mehme\OneDrive\Bureau\dest1\Capture dÔÇÖe╠ücran 2022-02-22 a╠Ç 12.04.50.png</FileTarget>
  <FileSize>1503362</FileSize>
  <FileTransferTime>13</FileTransferTime>
  <EncryptionTime>0</EncryptionTime>
  <time>24/02/2022 18:28:11</time>
</Save>

<Save Name="src2">
  <FileSource>C:\Users\Mehme\OneDrive\Bureau\src2\Capture dÔÇÖe╠ücran 2022-02-22 a╠Ç 12.05.45.png</FileSource>
  <FileTarget>C:\Users\Mehme\OneDrive\Bureau\dest2\Capture dÔÇÖe╠ücran 2022-02-22 a╠Ç 12.05.45.png</FileTarget>
  <FileSize>2742474</FileSize>
  <FileTransferTime>26</FileTransferTime>
  <EncryptionTime>0</EncryptionTime>
  <time>24/02/2022 18:28:11</time>
</Save>

<Save Name="src1">
  <FileSource>C:\Users\Mehme\OneDrive\Bureau\src1\Capture dÔÇÖe╠ücran 2022-02-22 a╠Ç 12.05.45.png</FileSource>
  <FileTarget>C:\Users\Mehme\OneDrive\Bureau\dest1\Capture dÔÇÖe╠ücran 2022-02-22 a╠Ç 12.05.45.png</FileTarget>
  <FileSize>2742474</FileSize>
  <FileTransferTime>23</FileTransferTime>
  <EncryptionTime>0</EncryptionTime>
  <time>24/02/2022 18:28:11</time>
</Save>

<Save Name="src1">
  <FileSource>C:\Users\Mehme\OneDrive\Bureau\src1\Capture dÔÇÖe╠ücran 2022-02-22 a╠Ç 12.06.00.png</FileSource>
  <FileTarget>C:\Users\Mehme\OneDrive\Bureau\dest1\Capture dÔÇÖe╠ücran 2022-02-22 a╠Ç 12.06.00.png</FileTarget>
  <FileSize>1895877</FileSize>
  <FileTransferTime>16</FileTransferTime>
  <EncryptionTime>0</EncryptionTime>
  <time>24/02/2022 18:30:51</time>
</Save>

<Save Name="src3">
  <FileSource>C:\Users\Mehme\OneDrive\Bureau\src1\Capture dÔÇÖe╠ücran 2022-02-22 a╠Ç 12.06.00.png</FileSource>
  <FileTarget>C:\Users\Mehme\OneDrive\Bureau\dest1\Capture dÔÇÖe╠ücran 2022-02-22 a╠Ç 12.06.00.png</FileTarget>
  <FileSize>1895877</FileSize>
  <FileTransferTime>16</FileTransferTime>
  <EncryptionTime>0</EncryptionTime>
  <time>24/02/2022 18:30:51</time>
</Save>

<Save Name="src2">
  <FileSource>C:\Users\Mehme\OneDrive\Bureau\src1\Capture dÔÇÖe╠ücran 2022-02-22 a╠Ç 12.06.00.png</FileSource>
  <FileTarget>C:\Users\Mehme\OneDrive\Bureau\dest1\Capture dÔÇÖe╠ücran 2022-02-22 a╠Ç 12.06.00.png</FileTarget>
  <FileSize>1895877</FileSize>
  <FileTransferTime>16</FileTransferTime>
  <EncryptionTime>0</EncryptionTime>
  <time>24/02/2022 18:30:52</time>
</Save>

