{
"Name": "src3", 
"FileSource": "C:\Users\Mehme\OneDrive\Bureau\src1\Capture dÔÇÖe╠ücran 2022-02-22 a╠Ç 11.50.37.png", 
"FileTarget": "C:\Users\Mehme\OneDrive\Bureau\dest1\Capture dÔÇÖe╠ücran 2022-02-22 a╠Ç 11.50.37.png", 
"FileSize": 1890990, 
"FileTransferTime": 29 
"EncryptionTime": 0 
"time": 24/02/2022 18:28:10 
}
{
"Name": "src1", 
"FileSource": "C:\Users\Mehme\OneDrive\Bureau\src1\Capture dÔÇÖe╠ücran 2022-02-22 a╠Ç 11.50.37.png", 
"FileTarget": "C:\Users\Mehme\OneDrive\Bureau\dest1\Capture dÔÇÖe╠ücran 2022-02-22 a╠Ç 11.50.37.png", 
"FileSize": 1890990, 
"FileTransferTime": 29 
"EncryptionTime": 0 
"time": 24/02/2022 18:28:10 
}
{
"Name": "src2", 
"FileSource": "C:\Users\Mehme\OneDrive\Bureau\src1\Capture dÔÇÖe╠ücran 2022-02-22 a╠Ç 11.50.37.png", 
"FileTarget": "C:\Users\Mehme\OneDrive\Bureau\dest1\Capture dÔÇÖe╠ücran 2022-02-22 a╠Ç 11.50.37.png", 
"FileSize": 1890990, 
"FileTransferTime": 29 
"EncryptionTime": 0 
"time": 24/02/2022 18:28:10 
}
{
"Name": "src1", 
"FileSource": "C:\Users\Mehme\OneDrive\Bureau\src1\Capture dÔÇÖe╠ücran 2022-02-22 a╠Ç 11.50.55.png", 
"FileTarget": "C:\Users\Mehme\OneDrive\Bureau\dest1\Capture dÔÇÖe╠ücran 2022-02-22 a╠Ç 11.50.55.png", 
"FileSize": 1871423, 
"FileTransferTime": 24 
"EncryptionTime": 0 
"time": 24/02/2022 18:28:10 
}
{
"Name": "src2", 
"FileSource": "C:\Users\Mehme\OneDrive\Bureau\src2\Capture dÔÇÖe╠ücran 2022-02-22 a╠Ç 11.50.55.png", 
"FileTarget": "C:\Users\Mehme\OneDrive\Bureau\dest2\Capture dÔÇÖe╠ücran 2022-02-22 a╠Ç 11.50.55.png", 
"FileSize": 1871423, 
"FileTransferTime": 24 
"EncryptionTime": 0 
"time": 24/02/2022 18:28:10 
}
{
"Name": "src3", 
"FileSource": "C:\Users\Mehme\OneDrive\Bureau\src3\Capture dÔÇÖe╠ücran 2022-02-22 a╠Ç 11.50.55.png", 
"FileTarget": "C:\Users\Mehme\OneDrive\Bureau\dest3\Capture dÔÇÖe╠ücran 2022-02-22 a╠Ç 11.50.55.png", 
"FileSize": 1871423, 
"FileTransferTime": 29 
"EncryptionTime": 0 
"time": 24/02/2022 18:28:10 
}
{
"Name": "src1", 
"FileSource": "C:\Users\Mehme\OneDrive\Bureau\src1\Capture dÔÇÖe╠ücran 2022-02-22 a╠Ç 11.50.59.png", 
"FileTarget": "C:\Users\Mehme\OneDrive\Bureau\dest1\Capture dÔÇÖe╠ücran 2022-02-22 a╠Ç 11.50.59.png", 
"FileSize": 1907987, 
"FileTransferTime": 19 
"EncryptionTime": 0 
"time": 24/02/2022 18:28:10 
}
{
"Name": "src3", 
"FileSource": "C:\Users\Mehme\OneDrive\Bureau\src3\Capture dÔÇÖe╠ücran 2022-02-22 a╠Ç 11.50.59.png", 
"FileTarget": "C:\Users\Mehme\OneDrive\Bureau\dest3\Capture dÔÇÖe╠ücran 2022-02-22 a╠Ç 11.50.59.png", 
"FileSize": 1907987, 
"FileTransferTime": 20 
"EncryptionTime": 0 
"time": 24/02/2022 18:28:10 
}
{
"Name": "src2", 
"FileSource": "C:\Users\Mehme\OneDrive\Bureau\src2\Capture dÔÇÖe╠ücran 2022-02-22 a╠Ç 11.50.59.png", 
"FileTarget": "C:\Users\Mehme\OneDrive\Bureau\dest2\Capture dÔÇÖe╠ücran 2022-02-22 a╠Ç 11.50.59.png", 
"FileSize": 1907987, 
"FileTransferTime": 31 
"EncryptionTime": 0 
"time": 24/02/2022 18:28:10 
}
{
"Name": "src1", 
"FileSource": "C:\Users\Mehme\OneDrive\Bureau\src1\Capture dÔÇÖe╠ücran 2022-02-22 a╠Ç 11.51.24.png", 
"FileTarget": "C:\Users\Mehme\OneDrive\Bureau\dest1\Capture dÔÇÖe╠ücran 2022-02-22 a╠Ç 11.51.24.png", 
"FileSize": 1922075, 
"FileTransferTime": 18 
"EncryptionTime": 0 
"time": 24/02/2022 18:28:10 
}
{
"Name": "src3", 
"FileSource": "C:\Users\Mehme\OneDrive\Bureau\src3\Capture dÔÇÖe╠ücran 2022-02-22 a╠Ç 11.51.24.png", 
"FileTarget": "C:\Users\Mehme\OneDrive\Bureau\dest3\Capture dÔÇÖe╠ücran 2022-02-22 a╠Ç 11.51.24.png", 
"FileSize": 1922075, 
"FileTransferTime": 18 
"EncryptionTime": 0 
"time": 24/02/2022 18:28:10 
}
{
"Name": "src2", 
"FileSource": "C:\Users\Mehme\OneDrive\Bureau\src2\Capture dÔÇÖe╠ücran 2022-02-22 a╠Ç 11.51.24.png", 
"FileTarget": "C:\Users\Mehme\OneDrive\Bureau\dest2\Capture dÔÇÖe╠ücran 2022-02-22 a╠Ç 11.51.24.png", 
"FileSize": 1922075, 
"FileTransferTime": 20 
"EncryptionTime": 0 
"time": 24/02/2022 18:28:10 
}
{
"Name": "src1", 
"FileSource": "C:\Users\Mehme\OneDrive\Bureau\src1\Capture dÔÇÖe╠ücran 2022-02-22 a╠Ç 11.51.37.png", 
"FileTarget": "C:\Users\Mehme\OneDrive\Bureau\dest1\Capture dÔÇÖe╠ücran 2022-02-22 a╠Ç 11.51.37.png", 
"FileSize": 2035975, 
"FileTransferTime": 19 
"EncryptionTime": 0 
"time": 24/02/2022 18:28:10 
}
{
"Name": "src3", 
"FileSource": "C:\Users\Mehme\OneDrive\Bureau\src3\Capture dÔÇÖe╠ücran 2022-02-22 a╠Ç 11.51.37.png", 
"FileTarget": "C:\Users\Mehme\OneDrive\Bureau\dest3\Capture dÔÇÖe╠ücran 2022-02-22 a╠Ç 11.51.37.png", 
"FileSize": 2035975, 
"FileTransferTime": 29 
"EncryptionTime": 0 
"time": 24/02/2022 18:28:10 
}
{
"Name": "src2", 
"FileSource": "C:\Users\Mehme\OneDrive\Bureau\src2\Capture dÔÇÖe╠ücran 2022-02-22 a╠Ç 11.51.37.png", 
"FileTarget": "C:\Users\Mehme\OneDrive\Bureau\dest2\Capture dÔÇÖe╠ücran 2022-02-22 a╠Ç 11.51.37.png", 
"FileSize": 2035975, 
"FileTransferTime": 19 
"EncryptionTime": 0 
"time": 24/02/2022 18:28:10 
}
{
"Name": "src1", 
"FileSource": "C:\Users\Mehme\OneDrive\Bureau\src1\Capture dÔÇÖe╠ücran 2022-02-22 a╠Ç 11.51.44.png", 
"FileTarget": "C:\Users\Mehme\OneDrive\Bureau\dest1\Capture dÔÇÖe╠ücran 2022-02-22 a╠Ç 11.51.44.png", 
"FileSize": 2053050, 
"FileTransferTime": 19 
"EncryptionTime": 0 
"time": 24/02/2022 18:28:10 
}
{
"Name": "src3", 
"FileSource": "C:\Users\Mehme\OneDrive\Bureau\src3\Capture dÔÇÖe╠ücran 2022-02-22 a╠Ç 11.51.44.png", 
"FileTarget": "C:\Users\Mehme\OneDrive\Bureau\dest3\Capture dÔÇÖe╠ücran 2022-02-22 a╠Ç 11.51.44.png", 
"FileSize": 2053050, 
"FileTransferTime": 20 
"EncryptionTime": 0 
"time": 24/02/2022 18:28:10 
}
{
"Name": "src2", 
"FileSource": "C:\Users\Mehme\OneDrive\Bureau\src2\Capture dÔÇÖe╠ücran 2022-02-22 a╠Ç 11.51.44.png", 
"FileTarget": "C:\Users\Mehme\OneDrive\Bureau\dest2\Capture dÔÇÖe╠ücran 2022-02-22 a╠Ç 11.51.44.png", 
"FileSize": 2053050, 
"FileTransferTime": 20 
"EncryptionTime": 0 
"time": 24/02/2022 18:28:10 
}
{
"Name": "src1", 
"FileSource": "C:\Users\Mehme\OneDrive\Bureau\src1\Capture dÔÇÖe╠ücran 2022-02-22 a╠Ç 11.52.15.png", 
"FileTarget": "C:\Users\Mehme\OneDrive\Bureau\dest1\Capture dÔÇÖe╠ücran 2022-02-22 a╠Ç 11.52.15.png", 
"FileSize": 1747928, 
"FileTransferTime": 17 
"EncryptionTime": 0 
"time": 24/02/2022 18:28:10 
}
{
"Name": "src3", 
"FileSource": "C:\Users\Mehme\OneDrive\Bureau\src3\Capture dÔÇÖe╠ücran 2022-02-22 a╠Ç 11.52.15.png", 
"FileTarget": "C:\Users\Mehme\OneDrive\Bureau\dest3\Capture dÔÇÖe╠ücran 2022-02-22 a╠Ç 11.52.15.png", 
"FileSize": 1747928, 
"FileTransferTime": 24 
"EncryptionTime": 0 
"time": 24/02/2022 18:28:10 
}
{
"Name": "src2", 
"FileSource": "C:\Users\Mehme\OneDrive\Bureau\src2\Capture dÔÇÖe╠ücran 2022-02-22 a╠Ç 11.52.15.png", 
"FileTarget": "C:\Users\Mehme\OneDrive\Bureau\dest2\Capture dÔÇÖe╠ücran 2022-02-22 a╠Ç 11.52.15.png", 
"FileSize": 1747928, 
"FileTransferTime": 28 
"EncryptionTime": 0 
"time": 24/02/2022 18:28:10 
}
{
"Name": "src1", 
"FileSource": "C:\Users\Mehme\OneDrive\Bureau\src1\Capture dÔÇÖe╠ücran 2022-02-22 a╠Ç 11.52.39.png", 
"FileTarget": "C:\Users\Mehme\OneDrive\Bureau\dest1\Capture dÔÇÖe╠ücran 2022-02-22 a╠Ç 11.52.39.png", 
"FileSize": 1777150, 
"FileTransferTime": 26 
"EncryptionTime": 0 
"time": 24/02/2022 18:28:10 
}
{
"Name": "src3", 
"FileSource": "C:\Users\Mehme\OneDrive\Bureau\src3\Capture dÔÇÖe╠ücran 2022-02-22 a╠Ç 11.52.39.png", 
"FileTarget": "C:\Users\Mehme\OneDrive\Bureau\dest3\Capture dÔÇÖe╠ücran 2022-02-22 a╠Ç 11.52.39.png", 
"FileSize": 1777150, 
"FileTransferTime": 19 
"EncryptionTime": 0 
"time": 24/02/2022 18:28:10 
}
{
"Name": "src2", 
"FileSource": "C:\Users\Mehme\OneDrive\Bureau\src2\Capture dÔÇÖe╠ücran 2022-02-22 a╠Ç 11.52.39.png", 
"FileTarget": "C:\Users\Mehme\OneDrive\Bureau\dest2\Capture dÔÇÖe╠ücran 2022-02-22 a╠Ç 11.52.39.png", 
"FileSize": 1777150, 
"FileTransferTime": 17 
"EncryptionTime": 0 
"time": 24/02/2022 18:28:10 
}
{
"Name": "src1", 
"FileSource": "C:\Users\Mehme\OneDrive\Bureau\src1\Capture dÔÇÖe╠ücran 2022-02-22 a╠Ç 11.52.58.png", 
"FileTarget": "C:\Users\Mehme\OneDrive\Bureau\dest1\Capture dÔÇÖe╠ücran 2022-02-22 a╠Ç 11.52.58.png", 
"FileSize": 1838202, 
"FileTransferTime": 18 
"EncryptionTime": 0 
"time": 24/02/2022 18:28:10 
}
{
"Name": "src3", 
"FileSource": "C:\Users\Mehme\OneDrive\Bureau\src3\Capture dÔÇÖe╠ücran 2022-02-22 a╠Ç 11.52.58.png", 
"FileTarget": "C:\Users\Mehme\OneDrive\Bureau\dest3\Capture dÔÇÖe╠ücran 2022-02-22 a╠Ç 11.52.58.png", 
"FileSize": 1838202, 
"FileTransferTime": 18 
"EncryptionTime": 0 
"time": 24/02/2022 18:28:10 
}
{
"Name": "src2", 
"FileSource": "C:\Users\Mehme\OneDrive\Bureau\src2\Capture dÔÇÖe╠ücran 2022-02-22 a╠Ç 11.52.58.png", 
"FileTarget": "C:\Users\Mehme\OneDrive\Bureau\dest2\Capture dÔÇÖe╠ücran 2022-02-22 a╠Ç 11.52.58.png", 
"FileSize": 1838202, 
"FileTransferTime": 17 
"EncryptionTime": 0 
"time": 24/02/2022 18:28:10 
}
{
"Name": "src1", 
"FileSource": "C:\Users\Mehme\OneDrive\Bureau\src1\Capture dÔÇÖe╠ücran 2022-02-22 a╠Ç 11.53.00.png", 
"FileTarget": "C:\Users\Mehme\OneDrive\Bureau\dest1\Capture dÔÇÖe╠ücran 2022-02-22 a╠Ç 11.53.00.png", 
"FileSize": 1943936, 
"FileTransferTime": 19 
"EncryptionTime": 0 
"time": 24/02/2022 18:28:10 
}
{
"Name": "src3", 
"FileSource": "C:\Users\Mehme\OneDrive\Bureau\src3\Capture dÔÇÖe╠ücran 2022-02-22 a╠Ç 11.53.00.png", 
"FileTarget": "C:\Users\Mehme\OneDrive\Bureau\dest3\Capture dÔÇÖe╠ücran 2022-02-22 a╠Ç 11.53.00.png", 
"FileSize": 1943936, 
"FileTransferTime": 20 
"EncryptionTime": 0 
"time": 24/02/2022 18:28:10 
}
{
"Name": "src2", 
"FileSource": "C:\Users\Mehme\OneDrive\Bureau\src2\Capture dÔÇÖe╠ücran 2022-02-22 a╠Ç 11.53.00.png", 
"FileTarget": "C:\Users\Mehme\OneDrive\Bureau\dest2\Capture dÔÇÖe╠ücran 2022-02-22 a╠Ç 11.53.00.png", 
"FileSize": 1943936, 
"FileTransferTime": 19 
"EncryptionTime": 0 
"time": 24/02/2022 18:28:10 
}
{
"Name": "src1", 
"FileSource": "C:\Users\Mehme\OneDrive\Bureau\src1\Capture dÔÇÖe╠ücran 2022-02-22 a╠Ç 11.53.15.png", 
"FileTarget": "C:\Users\Mehme\OneDrive\Bureau\dest1\Capture dÔÇÖe╠ücran 2022-02-22 a╠Ç 11.53.15.png", 
"FileSize": 1682877, 
"FileTransferTime": 19 
"EncryptionTime": 0 
"time": 24/02/2022 18:28:10 
}
{
"Name": "src3", 
"FileSource": "C:\Users\Mehme\OneDrive\Bureau\src3\Capture dÔÇÖe╠ücran 2022-02-22 a╠Ç 11.53.15.png", 
"FileTarget": "C:\Users\Mehme\OneDrive\Bureau\dest3\Capture dÔÇÖe╠ücran 2022-02-22 a╠Ç 11.53.15.png", 
"FileSize": 1682877, 
"FileTransferTime": 16 
"EncryptionTime": 0 
"time": 24/02/2022 18:28:10 
}
{
"Name": "src2", 
"FileSource": "C:\Users\Mehme\OneDrive\Bureau\src2\Capture dÔÇÖe╠ücran 2022-02-22 a╠Ç 11.53.15.png", 
"FileTarget": "C:\Users\Mehme\OneDrive\Bureau\dest2\Capture dÔÇÖe╠ücran 2022-02-22 a╠Ç 11.53.15.png", 
"FileSize": 1682877, 
"FileTransferTime": 16 
"EncryptionTime": 0 
"time": 24/02/2022 18:28:10 
}
{
"Name": "src1", 
"FileSource": "C:\Users\Mehme\OneDrive\Bureau\src1\Capture dÔÇÖe╠ücran 2022-02-22 a╠Ç 11.53.20.png", 
"FileTarget": "C:\Users\Mehme\OneDrive\Bureau\dest1\Capture dÔÇÖe╠ücran 2022-02-22 a╠Ç 11.53.20.png", 
"FileSize": 1840840, 
"FileTransferTime": 18 
"EncryptionTime": 0 
"time": 24/02/2022 18:28:10 
}
{
"Name": "src3", 
"FileSource": "C:\Users\Mehme\OneDrive\Bureau\src3\Capture dÔÇÖe╠ücran 2022-02-22 a╠Ç 11.53.20.png", 
"FileTarget": "C:\Users\Mehme\OneDrive\Bureau\dest3\Capture dÔÇÖe╠ücran 2022-02-22 a╠Ç 11.53.20.png", 
"FileSize": 1840840, 
"FileTransferTime": 17 
"EncryptionTime": 0 
"time": 24/02/2022 18:28:10 
}
{
"Name": "src2", 
"FileSource": "C:\Users\Mehme\OneDrive\Bureau\src2\Capture dÔÇÖe╠ücran 2022-02-22 a╠Ç 11.53.20.png", 
"FileTarget": "C:\Users\Mehme\OneDrive\Bureau\dest2\Capture dÔÇÖe╠ücran 2022-02-22 a╠Ç 11.53.20.png", 
"FileSize": 1840840, 
"FileTransferTime": 17 
"EncryptionTime": 0 
"time": 24/02/2022 18:28:10 
}
{
"Name": "src1", 
"FileSource": "C:\Users\Mehme\OneDrive\Bureau\src1\Capture dÔÇÖe╠ücran 2022-02-22 a╠Ç 11.53.24.png", 
"FileTarget": "C:\Users\Mehme\OneDrive\Bureau\dest1\Capture dÔÇÖe╠ücran 2022-02-22 a╠Ç 11.53.24.png", 
"FileSize": 1863033, 
"FileTransferTime": 25 
"EncryptionTime": 0 
"time": 24/02/2022 18:28:10 
}
{
"Name": "src3", 
"FileSource": "C:\Users\Mehme\OneDrive\Bureau\src3\Capture dÔÇÖe╠ücran 2022-02-22 a╠Ç 11.53.24.png", 
"FileTarget": "C:\Users\Mehme\OneDrive\Bureau\dest3\Capture dÔÇÖe╠ücran 2022-02-22 a╠Ç 11.53.24.png", 
"FileSize": 1863033, 
"FileTransferTime": 18 
"EncryptionTime": 0 
"time": 24/02/2022 18:28:10 
}
{
"Name": "src2", 
"FileSource": "C:\Users\Mehme\OneDrive\Bureau\src2\Capture dÔÇÖe╠ücran 2022-02-22 a╠Ç 11.53.24.png", 
"FileTarget": "C:\Users\Mehme\OneDrive\Bureau\dest2\Capture dÔÇÖe╠ücran 2022-02-22 a╠Ç 11.53.24.png", 
"FileSize": 1863033, 
"FileTransferTime": 18 
"EncryptionTime": 0 
"time": 24/02/2022 18:28:10 
}
{
"Name": "src3", 
"FileSource": "C:\Users\Mehme\OneDrive\Bureau\src3\Capture dÔÇÖe╠ücran 2022-02-22 a╠Ç 11.53.36.png", 
"FileTarget": "C:\Users\Mehme\OneDrive\Bureau\dest3\Capture dÔÇÖe╠ücran 2022-02-22 a╠Ç 11.53.36.png", 
"FileSize": 1794320, 
"FileTransferTime": 17 
"EncryptionTime": 0 
"time": 24/02/2022 18:28:10 
}
{
"Name": "src1", 
"FileSource": "C:\Users\Mehme\OneDrive\Bureau\src1\Capture dÔÇÖe╠ücran 2022-02-22 a╠Ç 11.53.36.png", 
"FileTarget": "C:\Users\Mehme\OneDrive\Bureau\dest1\Capture dÔÇÖe╠ücran 2022-02-22 a╠Ç 11.53.36.png", 
"FileSize": 1794320, 
"FileTransferTime": 19 
"EncryptionTime": 0 
"time": 24/02/2022 18:28:10 
}
{
"Name": "src2", 
"FileSource": "C:\Users\Mehme\OneDrive\Bureau\src2\Capture dÔÇÖe╠ücran 2022-02-22 a╠Ç 11.53.36.png", 
"FileTarget": "C:\Users\Mehme\OneDrive\Bureau\dest2\Capture dÔÇÖe╠ücran 2022-02-22 a╠Ç 11.53.36.png", 
"FileSize": 1794320, 
"FileTransferTime": 19 
"EncryptionTime": 0 
"time": 24/02/2022 18:28:10 
}
{
"Name": "src3", 
"FileSource": "C:\Users\Mehme\OneDrive\Bureau\src3\Capture dÔÇÖe╠ücran 2022-02-22 a╠Ç 11.54.04.png", 
"FileTarget": "C:\Users\Mehme\OneDrive\Bureau\dest3\Capture dÔÇÖe╠ücran 2022-02-22 a╠Ç 11.54.04.png", 
"FileSize": 1751861, 
"FileTransferTime": 16 
"EncryptionTime": 0 
"time": 24/02/2022 18:28:10 
}
{
"Name": "src1", 
"FileSource": "C:\Users\Mehme\OneDrive\Bureau\src2\Capture dÔÇÖe╠ücran 2022-02-22 a╠Ç 11.54.04.png", 
"FileTarget": "C:\Users\Mehme\OneDrive\Bureau\dest2\Capture dÔÇÖe╠ücran 2022-02-22 a╠Ç 11.54.04.png", 
"FileSize": 1751861, 
"FileTransferTime": 16 
"EncryptionTime": 0 
"time": 24/02/2022 18:28:10 
}
{
"Name": "src2", 
"FileSource": "C:\Users\Mehme\OneDrive\Bureau\src2\Capture dÔÇÖe╠ücran 2022-02-22 a╠Ç 11.54.04.png", 
"FileTarget": "C:\Users\Mehme\OneDrive\Bureau\dest2\Capture dÔÇÖe╠ücran 2022-02-22 a╠Ç 11.54.04.png", 
"FileSize": 1751861, 
"FileTransferTime": 16 
"EncryptionTime": 0 
"time": 24/02/2022 18:28:10 
}
{
"Name": "src3", 
"FileSource": "C:\Users\Mehme\OneDrive\Bureau\src3\Capture dÔÇÖe╠ücran 2022-02-22 a╠Ç 11.54.53.png", 
"FileTarget": "C:\Users\Mehme\OneDrive\Bureau\dest3\Capture dÔÇÖe╠ücran 2022-02-22 a╠Ç 11.54.53.png", 
"FileSize": 1268571, 
"FileTransferTime": 26 
"EncryptionTime": 0 
"time": 24/02/2022 18:28:10 
}
{
"Name": "src2", 
"FileSource": "C:\Users\Mehme\OneDrive\Bureau\src2\Capture dÔÇÖe╠ücran 2022-02-22 a╠Ç 11.54.53.png", 
"FileTarget": "C:\Users\Mehme\OneDrive\Bureau\dest2\Capture dÔÇÖe╠ücran 2022-02-22 a╠Ç 11.54.53.png", 
"FileSize": 1268571, 
"FileTransferTime": 13 
"EncryptionTime": 0 
"time": 24/02/2022 18:28:10 
}
{
"Name": "src1", 
"FileSource": "C:\Users\Mehme\OneDrive\Bureau\src1\Capture dÔÇÖe╠ücran 2022-02-22 a╠Ç 11.54.53.png", 
"FileTarget": "C:\Users\Mehme\OneDrive\Bureau\dest1\Capture dÔÇÖe╠ücran 2022-02-22 a╠Ç 11.54.53.png", 
"FileSize": 1268571, 
"FileTransferTime": 15 
"EncryptionTime": 0 
"time": 24/02/2022 18:28:10 
}
{
"Name": "src3", 
"FileSource": "C:\Users\Mehme\OneDrive\Bureau\src3\Capture dÔÇÖe╠ücran 2022-02-22 a╠Ç 11.55.23.png", 
"FileTarget": "C:\Users\Mehme\OneDrive\Bureau\dest3\Capture dÔÇÖe╠ücran 2022-02-22 a╠Ç 11.55.23.png", 
"FileSize": 1578437, 
"FileTransferTime": 25 
"EncryptionTime": 0 
"time": 24/02/2022 18:28:10 
}
{
"Name": "src2", 
"FileSource": "C:\Users\Mehme\OneDrive\Bureau\src2\Capture dÔÇÖe╠ücran 2022-02-22 a╠Ç 11.55.23.png", 
"FileTarget": "C:\Users\Mehme\OneDrive\Bureau\dest2\Capture dÔÇÖe╠ücran 2022-02-22 a╠Ç 11.55.23.png", 
"FileSize": 1578437, 
"FileTransferTime": 27 
"EncryptionTime": 0 
"time": 24/02/2022 18:28:10 
}
{
"Name": "src1", 
"FileSource": "C:\Users\Mehme\OneDrive\Bureau\src1\Capture dÔÇÖe╠ücran 2022-02-22 a╠Ç 11.55.23.png", 
"FileTarget": "C:\Users\Mehme\OneDrive\Bureau\dest1\Capture dÔÇÖe╠ücran 2022-02-22 a╠Ç 11.55.23.png", 
"FileSize": 1578437, 
"FileTransferTime": 31 
"EncryptionTime": 0 
"time": 24/02/2022 18:28:10 
}
{
"Name": "src3", 
"FileSource": "C:\Users\Mehme\OneDrive\Bureau\src3\Capture dÔÇÖe╠ücran 2022-02-22 a╠Ç 11.55.39.png", 
"FileTarget": "C:\Users\Mehme\OneDrive\Bureau\dest3\Capture dÔÇÖe╠ücran 2022-02-22 a╠Ç 11.55.39.png", 
"FileSize": 2328884, 
"FileTransferTime": 25 
"EncryptionTime": 0 
"time": 24/02/2022 18:28:10 
}
{
"Name": "src2", 
"FileSource": "C:\Users\Mehme\OneDrive\Bureau\src2\Capture dÔÇÖe╠ücran 2022-02-22 a╠Ç 11.55.39.png", 
"FileTarget": "C:\Users\Mehme\OneDrive\Bureau\dest2\Capture dÔÇÖe╠ücran 2022-02-22 a╠Ç 11.55.39.png", 
"FileSize": 2328884, 
"FileTransferTime": 26 
"EncryptionTime": 0 
"time": 24/02/2022 18:28:10 
}
{
"Name": "src1", 
"FileSource": "C:\Users\Mehme\OneDrive\Bureau\src1\Capture dÔÇÖe╠ücran 2022-02-22 a╠Ç 11.55.39.png", 
"FileTarget": "C:\Users\Mehme\OneDrive\Bureau\dest1\Capture dÔÇÖe╠ücran 2022-02-22 a╠Ç 11.55.39.png", 
"FileSize": 2328884, 
"FileTransferTime": 28 
"EncryptionTime": 0 
"time": 24/02/2022 18:28:10 
}
{
"Name": "src3", 
"FileSource": "C:\Users\Mehme\OneDrive\Bureau\src3\Capture dÔÇÖe╠ücran 2022-02-22 a╠Ç 11.56.21.png", 
"FileTarget": "C:\Users\Mehme\OneDrive\Bureau\dest3\Capture dÔÇÖe╠ücran 2022-02-22 a╠Ç 11.56.21.png", 
"FileSize": 1590474, 
"FileTransferTime": 15 
"EncryptionTime": 0 
"time": 24/02/2022 18:28:10 
}
{
"Name": "src2", 
"FileSource": "C:\Users\Mehme\OneDrive\Bureau\src2\Capture dÔÇÖe╠ücran 2022-02-22 a╠Ç 11.56.21.png", 
"FileTarget": "C:\Users\Mehme\OneDrive\Bureau\dest2\Capture dÔÇÖe╠ücran 2022-02-22 a╠Ç 11.56.21.png", 
"FileSize": 1590474, 
"FileTransferTime": 15 
"EncryptionTime": 0 
"time": 24/02/2022 18:28:10 
}
{
"Name": "src3", 
"FileSource": "C:\Users\Mehme\OneDrive\Bureau\src3\Capture dÔÇÖe╠ücran 2022-02-22 a╠Ç 11.56.39.png", 
"FileTarget": "C:\Users\Mehme\OneDrive\Bureau\dest3\Capture dÔÇÖe╠ücran 2022-02-22 a╠Ç 11.56.39.png", 
"FileSize": 1483758, 
"FileTransferTime": 14 
"EncryptionTime": 0 
"time": 24/02/2022 18:28:10 
}
{
"Name": "src1", 
"FileSource": "C:\Users\Mehme\OneDrive\Bureau\src1\Capture dÔÇÖe╠ücran 2022-02-22 a╠Ç 11.56.21.png", 
"FileTarget": "C:\Users\Mehme\OneDrive\Bureau\dest1\Capture dÔÇÖe╠ücran 2022-02-22 a╠Ç 11.56.21.png", 
"FileSize": 1590474, 
"FileTransferTime": 18 
"EncryptionTime": 0 
"time": 24/02/2022 18:28:10 
}
{
"Name": "src2", 
"FileSource": "C:\Users\Mehme\OneDrive\Bureau\src2\Capture dÔÇÖe╠ücran 2022-02-22 a╠Ç 11.56.39.png", 
"FileTarget": "C:\Users\Mehme\OneDrive\Bureau\dest2\Capture dÔÇÖe╠ücran 2022-02-22 a╠Ç 11.56.39.png", 
"FileSize": 1483758, 
"FileTransferTime": 14 
"EncryptionTime": 0 
"time": 24/02/2022 18:28:10 
}
{
"Name": "src3", 
"FileSource": "C:\Users\Mehme\OneDrive\Bureau\src3\Capture dÔÇÖe╠ücran 2022-02-22 a╠Ç 11.57.06.png", 
"FileTarget": "C:\Users\Mehme\OneDrive\Bureau\dest3\Capture dÔÇÖe╠ücran 2022-02-22 a╠Ç 11.57.06.png", 
"FileSize": 1193244, 
"FileTransferTime": 11 
"EncryptionTime": 0 
"time": 24/02/2022 18:28:10 
}
{
"Name": "src2", 
"FileSource": "C:\Users\Mehme\OneDrive\Bureau\src1\Capture dÔÇÖe╠ücran 2022-02-22 a╠Ç 11.56.39.png", 
"FileTarget": "C:\Users\Mehme\OneDrive\Bureau\dest1\Capture dÔÇÖe╠ücran 2022-02-22 a╠Ç 11.56.39.png", 
"FileSize": 1483758, 
"FileTransferTime": 15 
"EncryptionTime": 0 
"time": 24/02/2022 18:28:10 
}
{
"Name": "src1", 
"FileSource": "C:\Users\Mehme\OneDrive\Bureau\src1\Capture dÔÇÖe╠ücran 2022-02-22 a╠Ç 11.56.39.png", 
"FileTarget": "C:\Users\Mehme\OneDrive\Bureau\dest1\Capture dÔÇÖe╠ücran 2022-02-22 a╠Ç 11.56.39.png", 
"FileSize": 1483758, 
"FileTransferTime": 15 
"EncryptionTime": 0 
"time": 24/02/2022 18:28:10 
}
{
"Name": "src3", 
"FileSource": "C:\Users\Mehme\OneDrive\Bureau\src3\Capture dÔÇÖe╠ücran 2022-02-22 a╠Ç 11.57.18.png", 
"FileTarget": "C:\Users\Mehme\OneDrive\Bureau\dest3\Capture dÔÇÖe╠ücran 2022-02-22 a╠Ç 11.57.18.png", 
"FileSize": 1217616, 
"FileTransferTime": 13 
"EncryptionTime": 0 
"time": 24/02/2022 18:28:10 
}
{
"Name": "src2", 
"FileSource": "C:\Users\Mehme\OneDrive\Bureau\src2\Capture dÔÇÖe╠ücran 2022-02-22 a╠Ç 11.57.18.png", 
"FileTarget": "C:\Users\Mehme\OneDrive\Bureau\dest2\Capture dÔÇÖe╠ücran 2022-02-22 a╠Ç 11.57.18.png", 
"FileSize": 1217616, 
"FileTransferTime": 12 
"EncryptionTime": 0 
"time": 24/02/2022 18:28:10 
}
{
"Name": "src1", 
"FileSource": "C:\Users\Mehme\OneDrive\Bureau\src1\Capture dÔÇÖe╠ücran 2022-02-22 a╠Ç 11.57.06.png", 
"FileTarget": "C:\Users\Mehme\OneDrive\Bureau\dest1\Capture dÔÇÖe╠ücran 2022-02-22 a╠Ç 11.57.06.png", 
"FileSize": 1193244, 
"FileTransferTime": 12 
"EncryptionTime": 0 
"time": 24/02/2022 18:28:10 
}
{
"Name": "src3", 
"FileSource": "C:\Users\Mehme\OneDrive\Bureau\src3\Capture dÔÇÖe╠ücran 2022-02-22 a╠Ç 11.57.31.png", 
"FileTarget": "C:\Users\Mehme\OneDrive\Bureau\dest3\Capture dÔÇÖe╠ücran 2022-02-22 a╠Ç 11.57.31.png", 
"FileSize": 1513864, 
"FileTransferTime": 15 
"EncryptionTime": 0 
"time": 24/02/2022 18:28:10 
}
{
"Name": "src1", 
"FileSource": "C:\Users\Mehme\OneDrive\Bureau\src1\Capture dÔÇÖe╠ücran 2022-02-22 a╠Ç 11.57.18.png", 
"FileTarget": "C:\Users\Mehme\OneDrive\Bureau\dest1\Capture dÔÇÖe╠ücran 2022-02-22 a╠Ç 11.57.18.png", 
"FileSize": 1217616, 
"FileTransferTime": 12 
"EncryptionTime": 0 
"time": 24/02/2022 18:28:10 
}
{
"Name": "src2", 
"FileSource": "C:\Users\Mehme\OneDrive\Bureau\src2\Capture dÔÇÖe╠ücran 2022-02-22 a╠Ç 11.57.31.png", 
"FileTarget": "C:\Users\Mehme\OneDrive\Bureau\dest2\Capture dÔÇÖe╠ücran 2022-02-22 a╠Ç 11.57.31.png", 
"FileSize": 1513864, 
"FileTransferTime": 14 
"EncryptionTime": 0 
"time": 24/02/2022 18:28:10 
}
{
"Name": "src3", 
"FileSource": "C:\Users\Mehme\OneDrive\Bureau\src3\Capture dÔÇÖe╠ücran 2022-02-22 a╠Ç 11.57.34.png", 
"FileTarget": "C:\Users\Mehme\OneDrive\Bureau\dest3\Capture dÔÇÖe╠ücran 2022-02-22 a╠Ç 11.57.34.png", 
"FileSize": 1401650, 
"FileTransferTime": 13 
"EncryptionTime": 0 
"time": 24/02/2022 18:28:10 
}
{
"Name": "src2", 
"FileSource": "C:\Users\Mehme\OneDrive\Bureau\src2\Capture dÔÇÖe╠ücran 2022-02-22 a╠Ç 11.57.34.png", 
"FileTarget": "C:\Users\Mehme\OneDrive\Bureau\dest2\Capture dÔÇÖe╠ücran 2022-02-22 a╠Ç 11.57.34.png", 
"FileSize": 1401650, 
"FileTransferTime": 13 
"EncryptionTime": 0 
"time": 24/02/2022 18:28:10 
}
{
"Name": "src1", 
"FileSource": "C:\Users\Mehme\OneDrive\Bureau\src1\Capture dÔÇÖe╠ücran 2022-02-22 a╠Ç 11.57.31.png", 
"FileTarget": "C:\Users\Mehme\OneDrive\Bureau\dest1\Capture dÔÇÖe╠ücran 2022-02-22 a╠Ç 11.57.31.png", 
"FileSize": 1513864, 
"FileTransferTime": 17 
"EncryptionTime": 0 
"time": 24/02/2022 18:28:10 
}
{
"Name": "src3", 
"FileSource": "C:\Users\Mehme\OneDrive\Bureau\src3\Capture dÔÇÖe╠ücran 2022-02-22 a╠Ç 11.57.36.png", 
"FileTarget": "C:\Users\Mehme\OneDrive\Bureau\dest3\Capture dÔÇÖe╠ücran 2022-02-22 a╠Ç 11.57.36.png", 
"FileSize": 1453504, 
"FileTransferTime": 16 
"EncryptionTime": 0 
"time": 24/02/2022 18:28:10 
}
{
"Name": "src2", 
"FileSource": "C:\Users\Mehme\OneDrive\Bureau\src1\Capture dÔÇÖe╠ücran 2022-02-22 a╠Ç 11.57.34.png", 
"FileTarget": "C:\Users\Mehme\OneDrive\Bureau\dest1\Capture dÔÇÖe╠ücran 2022-02-22 a╠Ç 11.57.34.png", 
"FileSize": 1401650, 
"FileTransferTime": 13 
"EncryptionTime": 0 
"time": 24/02/2022 18:28:10 
}
{
"Name": "src1", 
"FileSource": "C:\Users\Mehme\OneDrive\Bureau\src1\Capture dÔÇÖe╠ücran 2022-02-22 a╠Ç 11.57.34.png", 
"FileTarget": "C:\Users\Mehme\OneDrive\Bureau\dest1\Capture dÔÇÖe╠ücran 2022-02-22 a╠Ç 11.57.34.png", 
"FileSize": 1401650, 
"FileTransferTime": 13 
"EncryptionTime": 0 
"time": 24/02/2022 18:28:10 
}
{
"Name": "src3", 
"FileSource": "C:\Users\Mehme\OneDrive\Bureau\src3\Capture dÔÇÖe╠ücran 2022-02-22 a╠Ç 11.57.58.png", 
"FileTarget": "C:\Users\Mehme\OneDrive\Bureau\dest3\Capture dÔÇÖe╠ücran 2022-02-22 a╠Ç 11.57.58.png", 
"FileSize": 1454698, 
"FileTransferTime": 14 
"EncryptionTime": 0 
"time": 24/02/2022 18:28:10 
}
{
"Name": "src1", 
"FileSource": "C:\Users\Mehme\OneDrive\Bureau\src1\Capture dÔÇÖe╠ücran 2022-02-22 a╠Ç 11.57.36.png", 
"FileTarget": "C:\Users\Mehme\OneDrive\Bureau\dest1\Capture dÔÇÖe╠ücran 2022-02-22 a╠Ç 11.57.36.png", 
"FileSize": 1453504, 
"FileTransferTime": 14 
"EncryptionTime": 0 
"time": 24/02/2022 18:28:10 
}
{
"Name": "src2", 
"FileSource": "C:\Users\Mehme\OneDrive\Bureau\src2\Capture dÔÇÖe╠ücran 2022-02-22 a╠Ç 11.57.58.png", 
"FileTarget": "C:\Users\Mehme\OneDrive\Bureau\dest2\Capture dÔÇÖe╠ücran 2022-02-22 a╠Ç 11.57.58.png", 
"FileSize": 1454698, 
"FileTransferTime": 15 
"EncryptionTime": 0 
"time": 24/02/2022 18:28:10 
}
{
"Name": "src3", 
"FileSource": "C:\Users\Mehme\OneDrive\Bureau\src3\Capture dÔÇÖe╠ücran 2022-02-22 a╠Ç 11.58.02.png", 
"FileTarget": "C:\Users\Mehme\OneDrive\Bureau\dest3\Capture dÔÇÖe╠ücran 2022-02-22 a╠Ç 11.58.02.png", 
"FileSize": 1532984, 
"FileTransferTime": 15 
"EncryptionTime": 0 
"time": 24/02/2022 18:28:10 
}
{
"Name": "src1", 
"FileSource": "C:\Users\Mehme\OneDrive\Bureau\src1\Capture dÔÇÖe╠ücran 2022-02-22 a╠Ç 11.57.58.png", 
"FileTarget": "C:\Users\Mehme\OneDrive\Bureau\dest1\Capture dÔÇÖe╠ücran 2022-02-22 a╠Ç 11.57.58.png", 
"FileSize": 1454698, 
"FileTransferTime": 14 
"EncryptionTime": 0 
"time": 24/02/2022 18:28:10 
}
{
"Name": "src2", 
"FileSource": "C:\Users\Mehme\OneDrive\Bureau\src2\Capture dÔÇÖe╠ücran 2022-02-22 a╠Ç 11.58.02.png", 
"FileTarget": "C:\Users\Mehme\OneDrive\Bureau\dest2\Capture dÔÇÖe╠ücran 2022-02-22 a╠Ç 11.58.02.png", 
"FileSize": 1532984, 
"FileTransferTime": 17 
"EncryptionTime": 0 
"time": 24/02/2022 18:28:10 
}
{
"Name": "src1", 
"FileSource": "C:\Users\Mehme\OneDrive\Bureau\src1\Capture dÔÇÖe╠ücran 2022-02-22 a╠Ç 11.58.02.png", 
"FileTarget": "C:\Users\Mehme\OneDrive\Bureau\dest1\Capture dÔÇÖe╠ücran 2022-02-22 a╠Ç 11.58.02.png", 
"FileSize": 1532984, 
"FileTransferTime": 15 
"EncryptionTime": 0 
"time": 24/02/2022 18:28:10 
}
{
"Name": "src3", 
"FileSource": "C:\Users\Mehme\OneDrive\Bureau\src3\Capture dÔÇÖe╠ücran 2022-02-22 a╠Ç 11.58.45.png", 
"FileTarget": "C:\Users\Mehme\OneDrive\Bureau\dest3\Capture dÔÇÖe╠ücran 2022-02-22 a╠Ç 11.58.45.png", 
"FileSize": 2920340, 
"FileTransferTime": 28 
"EncryptionTime": 0 
"time": 24/02/2022 18:28:10 
}
{
"Name": "src2", 
"FileSource": "C:\Users\Mehme\OneDrive\Bureau\src2\Capture dÔÇÖe╠ücran 2022-02-22 a╠Ç 11.58.45.png", 
"FileTarget": "C:\Users\Mehme\OneDrive\Bureau\dest2\Capture dÔÇÖe╠ücran 2022-02-22 a╠Ç 11.58.45.png", 
"FileSize": 2920340, 
"FileTransferTime": 28 
"EncryptionTime": 0 
"time": 24/02/2022 18:28:10 
}
{
"Name": "src3", 
"FileSource": "C:\Users\Mehme\OneDrive\Bureau\src3\Capture dÔÇÖe╠ücran 2022-02-22 a╠Ç 11.59.41.png", 
"FileTarget": "C:\Users\Mehme\OneDrive\Bureau\dest3\Capture dÔÇÖe╠ücran 2022-02-22 a╠Ç 11.59.41.png", 
"FileSize": 1620104, 
"FileTransferTime": 16 
"EncryptionTime": 0 
"time": 24/02/2022 18:28:10 
}
{
"Name": "src1", 
"FileSource": "C:\Users\Mehme\OneDrive\Bureau\src1\Capture dÔÇÖe╠ücran 2022-02-22 a╠Ç 11.58.45.png", 
"FileTarget": "C:\Users\Mehme\OneDrive\Bureau\dest1\Capture dÔÇÖe╠ücran 2022-02-22 a╠Ç 11.58.45.png", 
"FileSize": 2920340, 
"FileTransferTime": 31 
"EncryptionTime": 0 
"time": 24/02/2022 18:28:10 
}
{
"Name": "src2", 
"FileSource": "C:\Users\Mehme\OneDrive\Bureau\src2\Capture dÔÇÖe╠ücran 2022-02-22 a╠Ç 11.59.41.png", 
"FileTarget": "C:\Users\Mehme\OneDrive\Bureau\dest2\Capture dÔÇÖe╠ücran 2022-02-22 a╠Ç 11.59.41.png", 
"FileSize": 1620104, 
"FileTransferTime": 16 
"EncryptionTime": 0 
"time": 24/02/2022 18:28:10 
}
{
"Name": "src3", 
"FileSource": "C:\Users\Mehme\OneDrive\Bureau\src3\Capture dÔÇÖe╠ücran 2022-02-22 a╠Ç 11.59.44.png", 
"FileTarget": "C:\Users\Mehme\OneDrive\Bureau\dest3\Capture dÔÇÖe╠ücran 2022-02-22 a╠Ç 11.59.44.png", 
"FileSize": 1708392, 
"FileTransferTime": 17 
"EncryptionTime": 0 
"time": 24/02/2022 18:28:10 
}
{
"Name": "src1", 
"FileSource": "C:\Users\Mehme\OneDrive\Bureau\src1\Capture dÔÇÖe╠ücran 2022-02-22 a╠Ç 11.59.41.png", 
"FileTarget": "C:\Users\Mehme\OneDrive\Bureau\dest1\Capture dÔÇÖe╠ücran 2022-02-22 a╠Ç 11.59.41.png", 
"FileSize": 1620104, 
"FileTransferTime": 15 
"EncryptionTime": 0 
"time": 24/02/2022 18:28:10 
}
{
"Name": "src2", 
"FileSource": "C:\Users\Mehme\OneDrive\Bureau\src2\Capture dÔÇÖe╠ücran 2022-02-22 a╠Ç 11.59.44.png", 
"FileTarget": "C:\Users\Mehme\OneDrive\Bureau\dest2\Capture dÔÇÖe╠ücran 2022-02-22 a╠Ç 11.59.44.png", 
"FileSize": 1708392, 
"FileTransferTime": 16 
"EncryptionTime": 0 
"time": 24/02/2022 18:28:10 
}
{
"Name": "src3", 
"FileSource": "C:\Users\Mehme\OneDrive\Bureau\src3\Capture dÔÇÖe╠ücran 2022-02-22 a╠Ç 12.00.24.png", 
"FileTarget": "C:\Users\Mehme\OneDrive\Bureau\dest3\Capture dÔÇÖe╠ücran 2022-02-22 a╠Ç 12.00.24.png", 
"FileSize": 1746743, 
"FileTransferTime": 18 
"EncryptionTime": 0 
"time": 24/02/2022 18:28:10 
}
{
"Name": "src1", 
"FileSource": "C:\Users\Mehme\OneDrive\Bureau\src1\Capture dÔÇÖe╠ücran 2022-02-22 a╠Ç 11.59.44.png", 
"FileTarget": "C:\Users\Mehme\OneDrive\Bureau\dest1\Capture dÔÇÖe╠ücran 2022-02-22 a╠Ç 11.59.44.png", 
"FileSize": 1708392, 
"FileTransferTime": 16 
"EncryptionTime": 0 
"time": 24/02/2022 18:28:10 
}
{
"Name": "src2", 
"FileSource": "C:\Users\Mehme\OneDrive\Bureau\src2\Capture dÔÇÖe╠ücran 2022-02-22 a╠Ç 12.00.24.png", 
"FileTarget": "C:\Users\Mehme\OneDrive\Bureau\dest2\Capture dÔÇÖe╠ücran 2022-02-22 a╠Ç 12.00.24.png", 
"FileSize": 1746743, 
"FileTransferTime": 16 
"EncryptionTime": 0 
"time": 24/02/2022 18:28:10 
}
{
"Name": "src3", 
"FileSource": "C:\Users\Mehme\OneDrive\Bureau\src3\Capture dÔÇÖe╠ücran 2022-02-22 a╠Ç 12.00.55.png", 
"FileTarget": "C:\Users\Mehme\OneDrive\Bureau\dest3\Capture dÔÇÖe╠ücran 2022-02-22 a╠Ç 12.00.55.png", 
"FileSize": 1538080, 
"FileTransferTime": 15 
"EncryptionTime": 0 
"time": 24/02/2022 18:28:10 
}
{
"Name": "src2", 
"FileSource": "C:\Users\Mehme\OneDrive\Bureau\src2\Capture dÔÇÖe╠ücran 2022-02-22 a╠Ç 12.00.55.png", 
"FileTarget": "C:\Users\Mehme\OneDrive\Bureau\dest2\Capture dÔÇÖe╠ücran 2022-02-22 a╠Ç 12.00.55.png", 
"FileSize": 1538080, 
"FileTransferTime": 14 
"EncryptionTime": 0 
"time": 24/02/2022 18:28:10 
}
{
"Name": "src1", 
"FileSource": "C:\Users\Mehme\OneDrive\Bureau\src1\Capture dÔÇÖe╠ücran 2022-02-22 a╠Ç 12.00.24.png", 
"FileTarget": "C:\Users\Mehme\OneDrive\Bureau\dest1\Capture dÔÇÖe╠ücran 2022-02-22 a╠Ç 12.00.24.png", 
"FileSize": 1746743, 
"FileTransferTime": 18 
"EncryptionTime": 0 
"time": 24/02/2022 18:28:10 
}
{
"Name": "src3", 
"FileSource": "C:\Users\Mehme\OneDrive\Bureau\src3\Capture dÔÇÖe╠ücran 2022-02-22 a╠Ç 12.00.59.png", 
"FileTarget": "C:\Users\Mehme\OneDrive\Bureau\dest3\Capture dÔÇÖe╠ücran 2022-02-22 a╠Ç 12.00.59.png", 
"FileSize": 1709283, 
"FileTransferTime": 16 
"EncryptionTime": 0 
"time": 24/02/2022 18:28:10 
}
{
"Name": "src2", 
"FileSource": "C:\Users\Mehme\OneDrive\Bureau\src2\Capture dÔÇÖe╠ücran 2022-02-22 a╠Ç 12.00.59.png", 
"FileTarget": "C:\Users\Mehme\OneDrive\Bureau\dest2\Capture dÔÇÖe╠ücran 2022-02-22 a╠Ç 12.00.59.png", 
"FileSize": 1709283, 
"FileTransferTime": 17 
"EncryptionTime": 0 
"time": 24/02/2022 18:28:10 
}
{
"Name": "src1", 
"FileSource": "C:\Users\Mehme\OneDrive\Bureau\src1\Capture dÔÇÖe╠ücran 2022-02-22 a╠Ç 12.00.55.png", 
"FileTarget": "C:\Users\Mehme\OneDrive\Bureau\dest1\Capture dÔÇÖe╠ücran 2022-02-22 a╠Ç 12.00.55.png", 
"FileSize": 1538080, 
"FileTransferTime": 18 
"EncryptionTime": 0 
"time": 24/02/2022 18:28:10 
}
{
"Name": "src3", 
"FileSource": "C:\Users\Mehme\OneDrive\Bureau\src3\Capture dÔÇÖe╠ücran 2022-02-22 a╠Ç 12.01.24.png", 
"FileTarget": "C:\Users\Mehme\OneDrive\Bureau\dest3\Capture dÔÇÖe╠ücran 2022-02-22 a╠Ç 12.01.24.png", 
"FileSize": 1662657, 
"FileTransferTime": 16 
"EncryptionTime": 0 
"time": 24/02/2022 18:28:10 
}
{
"Name": "src2", 
"FileSource": "C:\Users\Mehme\OneDrive\Bureau\src2\Capture dÔÇÖe╠ücran 2022-02-22 a╠Ç 12.01.24.png", 
"FileTarget": "C:\Users\Mehme\OneDrive\Bureau\dest2\Capture dÔÇÖe╠ücran 2022-02-22 a╠Ç 12.01.24.png", 
"FileSize": 1662657, 
"FileTransferTime": 18 
"EncryptionTime": 0 
"time": 24/02/2022 18:28:10 
}
{
"Name": "src1", 
"FileSource": "C:\Users\Mehme\OneDrive\Bureau\src1\Capture dÔÇÖe╠ücran 2022-02-22 a╠Ç 12.00.59.png", 
"FileTarget": "C:\Users\Mehme\OneDrive\Bureau\dest1\Capture dÔÇÖe╠ücran 2022-02-22 a╠Ç 12.00.59.png", 
"FileSize": 1709283, 
"FileTransferTime": 19 
"EncryptionTime": 0 
"time": 24/02/2022 18:28:10 
}
{
"Name": "src3", 
"FileSource": "C:\Users\Mehme\OneDrive\Bureau\src3\Capture dÔÇÖe╠ücran 2022-02-22 a╠Ç 12.01.32.png", 
"FileTarget": "C:\Users\Mehme\OneDrive\Bureau\dest3\Capture dÔÇÖe╠ücran 2022-02-22 a╠Ç 12.01.32.png", 
"FileSize": 1901873, 
"FileTransferTime": 20 
"EncryptionTime": 0 
"time": 24/02/2022 18:28:10 
}
{
"Name": "src1", 
"FileSource": "C:\Users\Mehme\OneDrive\Bureau\src1\Capture dÔÇÖe╠ücran 2022-02-22 a╠Ç 12.01.24.png", 
"FileTarget": "C:\Users\Mehme\OneDrive\Bureau\dest1\Capture dÔÇÖe╠ücran 2022-02-22 a╠Ç 12.01.24.png", 
"FileSize": 1662657, 
"FileTransferTime": 17 
"EncryptionTime": 0 
"time": 24/02/2022 18:28:10 
}
{
"Name": "src2", 
"FileSource": "C:\Users\Mehme\OneDrive\Bureau\src2\Capture dÔÇÖe╠ücran 2022-02-22 a╠Ç 12.01.32.png", 
"FileTarget": "C:\Users\Mehme\OneDrive\Bureau\dest2\Capture dÔÇÖe╠ücran 2022-02-22 a╠Ç 12.01.32.png", 
"FileSize": 1901873, 
"FileTransferTime": 25 
"EncryptionTime": 0 
"time": 24/02/2022 18:28:10 
}
{
"Name": "src3", 
"FileSource": "C:\Users\Mehme\OneDrive\Bureau\src3\Capture dÔÇÖe╠ücran 2022-02-22 a╠Ç 12.02.18.png", 
"FileTarget": "C:\Users\Mehme\OneDrive\Bureau\dest3\Capture dÔÇÖe╠ücran 2022-02-22 a╠Ç 12.02.18.png", 
"FileSize": 1668908, 
"FileTransferTime": 16 
"EncryptionTime": 0 
"time": 24/02/2022 18:28:10 
}
{
"Name": "src1", 
"FileSource": "C:\Users\Mehme\OneDrive\Bureau\src1\Capture dÔÇÖe╠ücran 2022-02-22 a╠Ç 12.01.32.png", 
"FileTarget": "C:\Users\Mehme\OneDrive\Bureau\dest1\Capture dÔÇÖe╠ücran 2022-02-22 a╠Ç 12.01.32.png", 
"FileSize": 1901873, 
"FileTransferTime": 19 
"EncryptionTime": 0 
"time": 24/02/2022 18:28:10 
}
{
"Name": "src2", 
"FileSource": "C:\Users\Mehme\OneDrive\Bureau\src2\Capture dÔÇÖe╠ücran 2022-02-22 a╠Ç 12.02.18.png", 
"FileTarget": "C:\Users\Mehme\OneDrive\Bureau\dest2\Capture dÔÇÖe╠ücran 2022-02-22 a╠Ç 12.02.18.png", 
"FileSize": 1668908, 
"FileTransferTime": 16 
"EncryptionTime": 0 
"time": 24/02/2022 18:28:10 
}
{
"Name": "src3", 
"FileSource": "C:\Users\Mehme\OneDrive\Bureau\src3\Capture dÔÇÖe╠ücran 2022-02-22 a╠Ç 12.02.19.png", 
"FileTarget": "C:\Users\Mehme\OneDrive\Bureau\dest3\Capture dÔÇÖe╠ücran 2022-02-22 a╠Ç 12.02.19.png", 
"FileSize": 1698943, 
"FileTransferTime": 16 
"EncryptionTime": 0 
"time": 24/02/2022 18:28:10 
}
{
"Name": "src1", 
"FileSource": "C:\Users\Mehme\OneDrive\Bureau\src1\Capture dÔÇÖe╠ücran 2022-02-22 a╠Ç 12.02.18.png", 
"FileTarget": "C:\Users\Mehme\OneDrive\Bureau\dest1\Capture dÔÇÖe╠ücran 2022-02-22 a╠Ç 12.02.18.png", 
"FileSize": 1668908, 
"FileTransferTime": 16 
"EncryptionTime": 0 
"time": 24/02/2022 18:28:10 
}
{
"Name": "src2", 
"FileSource": "C:\Users\Mehme\OneDrive\Bureau\src2\Capture dÔÇÖe╠ücran 2022-02-22 a╠Ç 12.02.19.png", 
"FileTarget": "C:\Users\Mehme\OneDrive\Bureau\dest2\Capture dÔÇÖe╠ücran 2022-02-22 a╠Ç 12.02.19.png", 
"FileSize": 1698943, 
"FileTransferTime": 17 
"EncryptionTime": 0 
"time": 24/02/2022 18:28:10 
}
{
"Name": "src3", 
"FileSource": "C:\Users\Mehme\OneDrive\Bureau\src3\Capture dÔÇÖe╠ücran 2022-02-22 a╠Ç 12.02.32.png", 
"FileTarget": "C:\Users\Mehme\OneDrive\Bureau\dest3\Capture dÔÇÖe╠ücran 2022-02-22 a╠Ç 12.02.32.png", 
"FileSize": 1835274, 
"FileTransferTime": 17 
"EncryptionTime": 0 
"time": 24/02/2022 18:28:11 
}
{
"Name": "src1", 
"FileSource": "C:\Users\Mehme\OneDrive\Bureau\src1\Capture dÔÇÖe╠ücran 2022-02-22 a╠Ç 12.02.19.png", 
"FileTarget": "C:\Users\Mehme\OneDrive\Bureau\dest1\Capture dÔÇÖe╠ücran 2022-02-22 a╠Ç 12.02.19.png", 
"FileSize": 1698943, 
"FileTransferTime": 20 
"EncryptionTime": 0 
"time": 24/02/2022 18:28:11 
}
{
"Name": "src2", 
"FileSource": "C:\Users\Mehme\OneDrive\Bureau\src2\Capture dÔÇÖe╠ücran 2022-02-22 a╠Ç 12.02.32.png", 
"FileTarget": "C:\Users\Mehme\OneDrive\Bureau\dest2\Capture dÔÇÖe╠ücran 2022-02-22 a╠Ç 12.02.32.png", 
"FileSize": 1835274, 
"FileTransferTime": 18 
"EncryptionTime": 0 
"time": 24/02/2022 18:28:11 
}
{
"Name": "src3", 
"FileSource": "C:\Users\Mehme\OneDrive\Bureau\src3\Capture dÔÇÖe╠ücran 2022-02-22 a╠Ç 12.02.39.png", 
"FileTarget": "C:\Users\Mehme\OneDrive\Bureau\dest3\Capture dÔÇÖe╠ücran 2022-02-22 a╠Ç 12.02.39.png", 
"FileSize": 1756588, 
"FileTransferTime": 24 
"EncryptionTime": 0 
"time": 24/02/2022 18:28:11 
}
{
"Name": "src2", 
"FileSource": "C:\Users\Mehme\OneDrive\Bureau\src1\Capture dÔÇÖe╠ücran 2022-02-22 a╠Ç 12.02.32.png", 
"FileTarget": "C:\Users\Mehme\OneDrive\Bureau\dest1\Capture dÔÇÖe╠ücran 2022-02-22 a╠Ç 12.02.32.png", 
"FileSize": 1835274, 
"FileTransferTime": 25 
"EncryptionTime": 0 
"time": 24/02/2022 18:28:11 
}
{
"Name": "src1", 
"FileSource": "C:\Users\Mehme\OneDrive\Bureau\src1\Capture dÔÇÖe╠ücran 2022-02-22 a╠Ç 12.02.32.png", 
"FileTarget": "C:\Users\Mehme\OneDrive\Bureau\dest1\Capture dÔÇÖe╠ücran 2022-02-22 a╠Ç 12.02.32.png", 
"FileSize": 1835274, 
"FileTransferTime": 25 
"EncryptionTime": 0 
"time": 24/02/2022 18:28:11 
}
{
"Name": "src3", 
"FileSource": "C:\Users\Mehme\OneDrive\Bureau\src3\Capture dÔÇÖe╠ücran 2022-02-22 a╠Ç 12.02.49.png", 
"FileTarget": "C:\Users\Mehme\OneDrive\Bureau\dest3\Capture dÔÇÖe╠ücran 2022-02-22 a╠Ç 12.02.49.png", 
"FileSize": 1691029, 
"FileTransferTime": 14 
"EncryptionTime": 0 
"time": 24/02/2022 18:28:11 
}
{
"Name": "src2", 
"FileSource": "C:\Users\Mehme\OneDrive\Bureau\src2\Capture dÔÇÖe╠ücran 2022-02-22 a╠Ç 12.02.49.png", 
"FileTarget": "C:\Users\Mehme\OneDrive\Bureau\dest2\Capture dÔÇÖe╠ücran 2022-02-22 a╠Ç 12.02.49.png", 
"FileSize": 1691029, 
"FileTransferTime": 14 
"EncryptionTime": 0 
"time": 24/02/2022 18:28:11 
}
{
"Name": "src1", 
"FileSource": "C:\Users\Mehme\OneDrive\Bureau\src1\Capture dÔÇÖe╠ücran 2022-02-22 a╠Ç 12.02.39.png", 
"FileTarget": "C:\Users\Mehme\OneDrive\Bureau\dest1\Capture dÔÇÖe╠ücran 2022-02-22 a╠Ç 12.02.39.png", 
"FileSize": 1756588, 
"FileTransferTime": 15 
"EncryptionTime": 0 
"time": 24/02/2022 18:28:11 
}
{
"Name": "src3", 
"FileSource": "C:\Users\Mehme\OneDrive\Bureau\src3\Capture dÔÇÖe╠ücran 2022-02-22 a╠Ç 12.03.10.png", 
"FileTarget": "C:\Users\Mehme\OneDrive\Bureau\dest3\Capture dÔÇÖe╠ücran 2022-02-22 a╠Ç 12.03.10.png", 
"FileSize": 1520416, 
"FileTransferTime": 12 
"EncryptionTime": 0 
"time": 24/02/2022 18:28:11 
}
{
"Name": "src1", 
"FileSource": "C:\Users\Mehme\OneDrive\Bureau\src1\Capture dÔÇÖe╠ücran 2022-02-22 a╠Ç 12.02.49.png", 
"FileTarget": "C:\Users\Mehme\OneDrive\Bureau\dest1\Capture dÔÇÖe╠ücran 2022-02-22 a╠Ç 12.02.49.png", 
"FileSize": 1691029, 
"FileTransferTime": 15 
"EncryptionTime": 0 
"time": 24/02/2022 18:28:11 
}
{
"Name": "src3", 
"FileSource": "C:\Users\Mehme\OneDrive\Bureau\src2\Capture dÔÇÖe╠ücran 2022-02-22 a╠Ç 12.03.10.png", 
"FileTarget": "C:\Users\Mehme\OneDrive\Bureau\dest2\Capture dÔÇÖe╠ücran 2022-02-22 a╠Ç 12.03.10.png", 
"FileSize": 1520416, 
"FileTransferTime": 17 
"EncryptionTime": 0 
"time": 24/02/2022 18:28:11 
}
{
"Name": "src2", 
"FileSource": "C:\Users\Mehme\OneDrive\Bureau\src2\Capture dÔÇÖe╠ücran 2022-02-22 a╠Ç 12.03.10.png", 
"FileTarget": "C:\Users\Mehme\OneDrive\Bureau\dest2\Capture dÔÇÖe╠ücran 2022-02-22 a╠Ç 12.03.10.png", 
"FileSize": 1520416, 
"FileTransferTime": 17 
"EncryptionTime": 0 
"time": 24/02/2022 18:28:11 
}
{
"Name": "src1", 
"FileSource": "C:\Users\Mehme\OneDrive\Bureau\src1\Capture dÔÇÖe╠ücran 2022-02-22 a╠Ç 12.03.10.png", 
"FileTarget": "C:\Users\Mehme\OneDrive\Bureau\dest1\Capture dÔÇÖe╠ücran 2022-02-22 a╠Ç 12.03.10.png", 
"FileSize": 1520416, 
"FileTransferTime": 12 
"EncryptionTime": 0 
"time": 24/02/2022 18:28:11 
}
{
"Name": "src2", 
"FileSource": "C:\Users\Mehme\OneDrive\Bureau\src2\Capture dÔÇÖe╠ücran 2022-02-22 a╠Ç 12.04.50.png", 
"FileTarget": "C:\Users\Mehme\OneDrive\Bureau\dest2\Capture dÔÇÖe╠ücran 2022-02-22 a╠Ç 12.04.50.png", 
"FileSize": 1503362, 
"FileTransferTime": 13 
"EncryptionTime": 0 
"time": 24/02/2022 18:28:11 
}
{
"Name": "src3", 
"FileSource": "C:\Users\Mehme\OneDrive\Bureau\src3\Capture dÔÇÖe╠ücran 2022-02-22 a╠Ç 12.05.45.png", 
"FileTarget": "C:\Users\Mehme\OneDrive\Bureau\dest3\Capture dÔÇÖe╠ücran 2022-02-22 a╠Ç 12.05.45.png", 
"FileSize": 2742474, 
"FileTransferTime": 22 
"EncryptionTime": 0 
"time": 24/02/2022 18:28:11 
}
{
"Name": "src1", 
"FileSource": "C:\Users\Mehme\OneDrive\Bureau\src1\Capture dÔÇÖe╠ücran 2022-02-22 a╠Ç 12.04.50.png", 
"FileTarget": "C:\Users\Mehme\OneDrive\Bureau\dest1\Capture dÔÇÖe╠ücran 2022-02-22 a╠Ç 12.04.50.png", 
"FileSize": 1503362, 
"FileTransferTime": 13 
"EncryptionTime": 0 
"time": 24/02/2022 18:28:11 
}
{
"Name": "src2", 
"FileSource": "C:\Users\Mehme\OneDrive\Bureau\src2\Capture dÔÇÖe╠ücran 2022-02-22 a╠Ç 12.05.45.png", 
"FileTarget": "C:\Users\Mehme\OneDrive\Bureau\dest2\Capture dÔÇÖe╠ücran 2022-02-22 a╠Ç 12.05.45.png", 
"FileSize": 2742474, 
"FileTransferTime": 26 
"EncryptionTime": 0 
"time": 24/02/2022 18:28:11 
}
{
"Name": "src1", 
"FileSource": "C:\Users\Mehme\OneDrive\Bureau\src1\Capture dÔÇÖe╠ücran 2022-02-22 a╠Ç 12.05.45.png", 
"FileTarget": "C:\Users\Mehme\OneDrive\Bureau\dest1\Capture dÔÇÖe╠ücran 2022-02-22 a╠Ç 12.05.45.png", 
"FileSize": 2742474, 
"FileTransferTime": 23 
"EncryptionTime": 0 
"time": 24/02/2022 18:28:11 
}
{
"Name": "src1", 
"FileSource": "C:\Users\Mehme\OneDrive\Bureau\src1\Capture dÔÇÖe╠ücran 2022-02-22 a╠Ç 12.06.00.png", 
"FileTarget": "C:\Users\Mehme\OneDrive\Bureau\dest1\Capture dÔÇÖe╠ücran 2022-02-22 a╠Ç 12.06.00.png", 
"FileSize": 1895877, 
"FileTransferTime": 16 
"EncryptionTime": 0 
"time": 24/02/2022 18:30:51 
}
{
"Name": "src3", 
"FileSource": "C:\Users\Mehme\OneDrive\Bureau\src1\Capture dÔÇÖe╠ücran 2022-02-22 a╠Ç 12.06.00.png", 
"FileTarget": "C:\Users\Mehme\OneDrive\Bureau\dest1\Capture dÔÇÖe╠ücran 2022-02-22 a╠Ç 12.06.00.png", 
"FileSize": 1895877, 
"FileTransferTime": 16 
"EncryptionTime": 0 
"time": 24/02/2022 18:30:51 
}
{
"Name": "src2", 
"FileSource": "C:\Users\Mehme\OneDrive\Bureau\src1\Capture dÔÇÖe╠ücran 2022-02-22 a╠Ç 12.06.00.png", 
"FileTarget": "C:\Users\Mehme\OneDrive\Bureau\dest1\Capture dÔÇÖe╠ücran 2022-02-22 a╠Ç 12.06.00.png", 
"FileSize": 1895877, 
"FileTransferTime": 16 
"EncryptionTime": 0 
"time": 24/02/2022 18:30:52 
}
