{
"Name": "test2", 
"FileSource": "C:\Users\cimbo\Desktop\easysave\teqst.txt", 
"FileTarget": "C:\Users\cimbo\Desktop\easysave4\teqst.txt", 
"FileSize": 9, 
"FileTransferTime": 1 
"EncryptionTime": 0 
"time": 19/02/2022 17:55:41 
}
{
"Name": "test2", 
"FileSource": "C:\Users\cimbo\Desktop\easysave\test.docx", 
"FileTarget": "C:\Users\cimbo\Desktop\easysave4\test.docx", 
"FileSize": 11993, 
"FileTransferTime": 9 
"EncryptionTime": 0 
"time": 19/02/2022 17:55:41 
}
{
"Name": "test2", 
"FileSource": "C:\Users\cimbo\Desktop\easysave\dest3\test.docx", 
"FileTarget": "C:\Users\cimbo\Desktop\easysave4\dest3\test.docx", 
"FileSize": 0, 
"FileTransferTime": 1 
"EncryptionTime": 0 
"time": 19/02/2022 17:55:41 
}
{
"Name": "test2", 
"FileSource": "C:\Users\cimbo\Desktop\easysave\teqst.txt", 
"FileTarget": "C:\Users\cimbo\Desktop\easysave4\teqst.txt", 
"FileSize": 9, 
"FileTransferTime": 177 
"EncryptionTime": 0,1433277 
"time": 19/02/2022 18:03:44 
}
{
"Name": "test2", 
"FileSource": "C:\Users\cimbo\Desktop\easysave\test.docx", 
"FileTarget": "C:\Users\cimbo\Desktop\easysave4\test.docx", 
"FileSize": 11993, 
"FileTransferTime": 136 
"EncryptionTime": 0,1284999 
"time": 19/02/2022 18:03:44 
}
{
"Name": "test2", 
"FileSource": "C:\Users\cimbo\Desktop\easysave\dest3\test.docx", 
"FileTarget": "C:\Users\cimbo\Desktop\easysave4\dest3\test.docx", 
"FileSize": 0, 
"FileTransferTime": 158 
"EncryptionTime": 0,1504157 
"time": 19/02/2022 18:03:44 
}
{
"Name": "test", 
"FileSource": "C:\Users\cimbo\Desktop\easysave\teqst.txt", 
"FileTarget": "C:\Users\cimbo\Desktop\easysave5\teqst.txt", 
"FileSize": 9, 
"FileTransferTime": 1 
"EncryptionTime": 0 
"time": 19/02/2022 18:29:14 
}
{
"Name": "test", 
"FileSource": "C:\Users\cimbo\Desktop\easysave\test.docx", 
"FileTarget": "C:\Users\cimbo\Desktop\easysave5\test.docx", 
"FileSize": 11993, 
"FileTransferTime": 1 
"EncryptionTime": 0 
"time": 19/02/2022 18:29:14 
}
{
"Name": "test", 
"FileSource": "C:\Users\cimbo\Desktop\easysave\dest3\test.docx", 
"FileTarget": "C:\Users\cimbo\Desktop\easysave5\dest3\test.docx", 
"FileSize": 0, 
"FileTransferTime": 1 
"EncryptionTime": 0 
"time": 19/02/2022 18:29:14 
}
{
"Name": "test2", 
"FileSource": "C:\Users\cimbo\Desktop\easysave\teqst.txt", 
"FileTarget": "C:\Users\cimbo\Desktop\easysave4\teqst.txt", 
"FileSize": 9, 
"FileTransferTime": 165 
"EncryptionTime": 0,151735 
"time": 19/02/2022 18:57:17 
}
{
"Name": "test2", 
"FileSource": "C:\Users\cimbo\Desktop\easysave\test.docx", 
"FileTarget": "C:\Users\cimbo\Desktop\easysave4\test.docx", 
"FileSize": 11993, 
"FileTransferTime": 141 
"EncryptionTime": 0,1346351 
"time": 19/02/2022 18:57:17 
}
{
"Name": "test2", 
"FileSource": "C:\Users\cimbo\Desktop\easysave\dest3\test.docx", 
"FileTarget": "C:\Users\cimbo\Desktop\easysave4\dest3\test.docx", 
"FileSize": 0, 
"FileTransferTime": 144 
"EncryptionTime": 0,1352587 
"time": 19/02/2022 18:57:17 
}
{
"Name": "test2", 
"FileSource": "C:\Users\cimbo\Desktop\easysave\teqst.txt", 
"FileTarget": "C:\Users\cimbo\Desktop\easysave4\teqst.txt", 
"FileSize": 9, 
"FileTransferTime": 1 
"EncryptionTime": 0 
"time": 19/02/2022 18:57:49 
}
{
"Name": "test2", 
"FileSource": "C:\Users\cimbo\Desktop\easysave\test.docx", 
"FileTarget": "C:\Users\cimbo\Desktop\easysave4\test.docx", 
"FileSize": 11993, 
"FileTransferTime": 2 
"EncryptionTime": 0 
"time": 19/02/2022 18:57:49 
}
{
"Name": "test2", 
"FileSource": "C:\Users\cimbo\Desktop\easysave\dest3\test.docx", 
"FileTarget": "C:\Users\cimbo\Desktop\easysave4\dest3\test.docx", 
"FileSize": 0, 
"FileTransferTime": 1 
"EncryptionTime": 0 
"time": 19/02/2022 18:57:49 
}
{
"Name": "test2", 
"FileSource": "C:\Users\cimbo\Desktop\easysave\teqst.txt", 
"FileTarget": "C:\Users\cimbo\Desktop\easysave4\teqst.txt", 
"FileSize": 9, 
"FileTransferTime": 2 
"EncryptionTime": 0 
"time": 19/02/2022 18:58:23 
}
{
"Name": "test2", 
"FileSource": "C:\Users\cimbo\Desktop\easysave\test.docx", 
"FileTarget": "C:\Users\cimbo\Desktop\easysave4\test.docx", 
"FileSize": 11993, 
"FileTransferTime": 1 
"EncryptionTime": 0 
"time": 19/02/2022 18:58:23 
}
{
"Name": "test2", 
"FileSource": "C:\Users\cimbo\Desktop\easysave\dest3\test.docx", 
"FileTarget": "C:\Users\cimbo\Desktop\easysave4\dest3\test.docx", 
"FileSize": 0, 
"FileTransferTime": 0 
"EncryptionTime": 0 
"time": 19/02/2022 18:58:23 
}
{
"Name": "test2", 
"FileSource": "C:\Users\cimbo\Desktop\easysave\teqst.txt", 
"FileTarget": "C:\Users\cimbo\Desktop\easysave4\teqst.txt", 
"FileSize": 9, 
"FileTransferTime": 150 
"EncryptionTime": 0,1390738 
"time": 19/02/2022 19:01:52 
}
{
"Name": "test2", 
"FileSource": "C:\Users\cimbo\Desktop\easysave\test.docx", 
"FileTarget": "C:\Users\cimbo\Desktop\easysave4\test.docx", 
"FileSize": 11993, 
"FileTransferTime": 135 
"EncryptionTime": 0,1270315 
"time": 19/02/2022 19:01:52 
}
{
"Name": "test2", 
"FileSource": "C:\Users\cimbo\Desktop\easysave\dest3\test.docx", 
"FileTarget": "C:\Users\cimbo\Desktop\easysave4\dest3\test.docx", 
"FileSize": 0, 
"FileTransferTime": 140 
"EncryptionTime": 0,1332788 
"time": 19/02/2022 19:01:52 
}
{
"Name": "test", 
"FileSource": "C:\Users\cimbo\Desktop\easysave\teqst.txt", 
"FileTarget": "C:\Users\cimbo\Desktop\easysave5\teqst.txt", 
"FileSize": 9, 
"FileTransferTime": 145 
"EncryptionTime": 0,1385656 
"time": 19/02/2022 19:01:58 
}
{
"Name": "test", 
"FileSource": "C:\Users\cimbo\Desktop\easysave\test.docx", 
"FileTarget": "C:\Users\cimbo\Desktop\easysave5\test.docx", 
"FileSize": 11993, 
"FileTransferTime": 138 
"EncryptionTime": 0,1306888 
"time": 19/02/2022 19:01:59 
}
{
"Name": "test", 
"FileSource": "C:\Users\cimbo\Desktop\easysave\dest3\test.docx", 
"FileTarget": "C:\Users\cimbo\Desktop\easysave5\dest3\test.docx", 
"FileSize": 0, 
"FileTransferTime": 148 
"EncryptionTime": 0,1389962 
"time": 19/02/2022 19:01:59 
}
{
"Name": "test2", 
"FileSource": "C:\Users\cimbo\Desktop\easysave\teqst.txt", 
"FileTarget": "C:\Users\cimbo\Desktop\easysave4\teqst.txt", 
"FileSize": 9, 
"FileTransferTime": 165 
"EncryptionTime": 0,1576763 
"time": 19/02/2022 19:02:28 
}
{
"Name": "test2", 
"FileSource": "C:\Users\cimbo\Desktop\easysave\test.docx", 
"FileTarget": "C:\Users\cimbo\Desktop\easysave4\test.docx", 
"FileSize": 11993, 
"FileTransferTime": 152 
"EncryptionTime": 0,1449637 
"time": 19/02/2022 19:02:28 
}
{
"Name": "test2", 
"FileSource": "C:\Users\cimbo\Desktop\easysave\dest3\test.docx", 
"FileTarget": "C:\Users\cimbo\Desktop\easysave4\dest3\test.docx", 
"FileSize": 0, 
"FileTransferTime": 140 
"EncryptionTime": 0,1329784 
"time": 19/02/2022 19:02:28 
}
{
"Name": "test2", 
"FileSource": "C:\Users\cimbo\Desktop\easysave\teqst.txt", 
"FileTarget": "C:\Users\cimbo\Desktop\easysave4\teqst.txt", 
"FileSize": 9, 
"FileTransferTime": 152 
"EncryptionTime": 0,1419826 
"time": 19/02/2022 19:04:56 
}
{
"Name": "test2", 
"FileSource": "C:\Users\cimbo\Desktop\easysave\test.docx", 
"FileTarget": "C:\Users\cimbo\Desktop\easysave4\test.docx", 
"FileSize": 11993, 
"FileTransferTime": 145 
"EncryptionTime": 0,1385507 
"time": 19/02/2022 19:04:56 
}
{
"Name": "test2", 
"FileSource": "C:\Users\cimbo\Desktop\easysave\dest3\test.docx", 
"FileTarget": "C:\Users\cimbo\Desktop\easysave4\dest3\test.docx", 
"FileSize": 0, 
"FileTransferTime": 165 
"EncryptionTime": 0,1576016 
"time": 19/02/2022 19:04:56 
}
{
"Name": "test2", 
"FileSource": "C:\Users\cimbo\Desktop\easysave\teqst.txt", 
"FileTarget": "C:\Users\cimbo\Desktop\easysave4\teqst.txt", 
"FileSize": 9, 
"FileTransferTime": 1 
"EncryptionTime": 0 
"time": 19/02/2022 19:05:46 
}
{
"Name": "test2", 
"FileSource": "C:\Users\cimbo\Desktop\easysave\test.docx", 
"FileTarget": "C:\Users\cimbo\Desktop\easysave4\test.docx", 
"FileSize": 11993, 
"FileTransferTime": 1 
"EncryptionTime": 0 
"time": 19/02/2022 19:05:46 
}
{
"Name": "test2", 
"FileSource": "C:\Users\cimbo\Desktop\easysave\dest3\test.docx", 
"FileTarget": "C:\Users\cimbo\Desktop\easysave4\dest3\test.docx", 
"FileSize": 0, 
"FileTransferTime": 0 
"EncryptionTime": 0 
"time": 19/02/2022 19:05:46 
}
{
"Name": "test", 
"FileSource": "C:\Users\cimbo\Desktop\easysave\teqst.txt", 
"FileTarget": "C:\Users\cimbo\Desktop\easysave5\teqst.txt", 
"FileSize": 9, 
"FileTransferTime": 143 
"EncryptionTime": 0,1359639 
"time": 19/02/2022 19:05:53 
}
{
"Name": "test", 
"FileSource": "C:\Users\cimbo\Desktop\easysave\test.docx", 
"FileTarget": "C:\Users\cimbo\Desktop\easysave5\test.docx", 
"FileSize": 11993, 
"FileTransferTime": 132 
"EncryptionTime": 0,1249155 
"time": 19/02/2022 19:05:53 
}
{
"Name": "test", 
"FileSource": "C:\Users\cimbo\Desktop\easysave\dest3\test.docx", 
"FileTarget": "C:\Users\cimbo\Desktop\easysave5\dest3\test.docx", 
"FileSize": 0, 
"FileTransferTime": 153 
"EncryptionTime": 0,1463534 
"time": 19/02/2022 19:05:53 
}
{
"Name": "test5", 
"FileSource": "C:\Users\cimbo\Desktop\easysave\diff.doc", 
"FileTarget": "C:\Users\cimbo\Desktop\easysave5\diff.doc", 
"FileSize": 0, 
"FileTransferTime": 1 
"EncryptionTime": 0 
"time": 20/02/2022 08:59:51 
}
{
"Name": "test2", 
"FileSource": "C:\Users\cimbo\Desktop\easysave\diff.doc", 
"FileTarget": "C:\Users\cimbo\Desktop\easysave4\diff.doc", 
"FileSize": 0, 
"FileTransferTime": 1 
"EncryptionTime": 0 
"time": 20/02/2022 09:29:39 
}
{
"Name": "test2", 
"FileSource": "C:\Users\cimbo\Desktop\easysave\diff.doc", 
"FileTarget": "C:\Users\cimbo\Desktop\easysave4\diff.doc", 
"FileSize": 0, 
"FileTransferTime": 0 
"EncryptionTime": 0 
"time": 20/02/2022 13:33:32 
}
{
"Name": "test2", 
"FileSource": "C:\Users\cimbo\Desktop\easysave\teqst.txt", 
"FileTarget": "C:\Users\cimbo\Desktop\easysave4\teqst.txt", 
"FileSize": 9, 
"FileTransferTime": 2 
"EncryptionTime": 0 
"time": 20/02/2022 13:33:32 
}
{
"Name": "test2", 
"FileSource": "C:\Users\cimbo\Desktop\easysave\test.docx", 
"FileTarget": "C:\Users\cimbo\Desktop\easysave4\test.docx", 
"FileSize": 11993, 
"FileTransferTime": 15 
"EncryptionTime": 0 
"time": 20/02/2022 13:33:32 
}
{
"Name": "test2", 
"FileSource": "C:\Users\cimbo\Desktop\easysave\dest3\test.docx", 
"FileTarget": "C:\Users\cimbo\Desktop\easysave4\dest3\test.docx", 
"FileSize": 0, 
"FileTransferTime": 0 
"EncryptionTime": 0 
"time": 20/02/2022 13:33:32 
}
{
"Name": "test", 
"FileSource": "C:\Users\cimbo\Desktop\easysave\diff.doc", 
"FileTarget": "C:\Users\cimbo\Desktop\easysave5\diff.doc", 
"FileSize": 0, 
"FileTransferTime": 0 
"EncryptionTime": 0 
"time": 20/02/2022 13:33:34 
}
{
"Name": "test", 
"FileSource": "C:\Users\cimbo\Desktop\easysave\teqst.txt", 
"FileTarget": "C:\Users\cimbo\Desktop\easysave5\teqst.txt", 
"FileSize": 9, 
"FileTransferTime": 2 
"EncryptionTime": 0 
"time": 20/02/2022 13:33:34 
}
{
"Name": "test", 
"FileSource": "C:\Users\cimbo\Desktop\easysave\test.docx", 
"FileTarget": "C:\Users\cimbo\Desktop\easysave5\test.docx", 
"FileSize": 11993, 
"FileTransferTime": 10 
"EncryptionTime": 0 
"time": 20/02/2022 13:33:34 
}
{
"Name": "test", 
"FileSource": "C:\Users\cimbo\Desktop\easysave\dest3\test.docx", 
"FileTarget": "C:\Users\cimbo\Desktop\easysave5\dest3\test.docx", 
"FileSize": 0, 
"FileTransferTime": 0 
"EncryptionTime": 0 
"time": 20/02/2022 13:33:34 
}
