<Save Name="test2">
  <FileSource>C:\Users\cimbo\Desktop\easysave\teqst.txt</FileSource>
  <FileTarget>C:\Users\cimbo\Desktop\easysave4\teqst.txt</FileTarget>
  <FileSize>9</FileSize>
  <FileTransferTime>1</FileTransferTime>
  <EncryptionTime>0</EncryptionTime>
  <time>19/02/2022 17:55:41</time>
</Save>

<Save Name="test2">
  <FileSource>C:\Users\cimbo\Desktop\easysave\test.docx</FileSource>
  <FileTarget>C:\Users\cimbo\Desktop\easysave4\test.docx</FileTarget>
  <FileSize>11993</FileSize>
  <FileTransferTime>9</FileTransferTime>
  <EncryptionTime>0</EncryptionTime>
  <time>19/02/2022 17:55:41</time>
</Save>

<Save Name="test2">
  <FileSource>C:\Users\cimbo\Desktop\easysave\dest3\test.docx</FileSource>
  <FileTarget>C:\Users\cimbo\Desktop\easysave4\dest3\test.docx</FileTarget>
  <FileSize>0</FileSize>
  <FileTransferTime>1</FileTransferTime>
  <EncryptionTime>0</EncryptionTime>
  <time>19/02/2022 17:55:41</time>
</Save>

<Save Name="test2">
  <FileSource>C:\Users\cimbo\Desktop\easysave\teqst.txt</FileSource>
  <FileTarget>C:\Users\cimbo\Desktop\easysave4\teqst.txt</FileTarget>
  <FileSize>9</FileSize>
  <FileTransferTime>177</FileTransferTime>
  <EncryptionTime>0.1433277</EncryptionTime>
  <time>19/02/2022 18:03:44</time>
</Save>

<Save Name="test2">
  <FileSource>C:\Users\cimbo\Desktop\easysave\test.docx</FileSource>
  <FileTarget>C:\Users\cimbo\Desktop\easysave4\test.docx</FileTarget>
  <FileSize>11993</FileSize>
  <FileTransferTime>136</FileTransferTime>
  <EncryptionTime>0.1284999</EncryptionTime>
  <time>19/02/2022 18:03:44</time>
</Save>

<Save Name="test2">
  <FileSource>C:\Users\cimbo\Desktop\easysave\dest3\test.docx</FileSource>
  <FileTarget>C:\Users\cimbo\Desktop\easysave4\dest3\test.docx</FileTarget>
  <FileSize>0</FileSize>
  <FileTransferTime>158</FileTransferTime>
  <EncryptionTime>0.1504157</EncryptionTime>
  <time>19/02/2022 18:03:44</time>
</Save>

<Save Name="test">
  <FileSource>C:\Users\cimbo\Desktop\easysave\teqst.txt</FileSource>
  <FileTarget>C:\Users\cimbo\Desktop\easysave5\teqst.txt</FileTarget>
  <FileSize>9</FileSize>
  <FileTransferTime>1</FileTransferTime>
  <EncryptionTime>0</EncryptionTime>
  <time>19/02/2022 18:29:14</time>
</Save>

<Save Name="test">
  <FileSource>C:\Users\cimbo\Desktop\easysave\test.docx</FileSource>
  <FileTarget>C:\Users\cimbo\Desktop\easysave5\test.docx</FileTarget>
  <FileSize>11993</FileSize>
  <FileTransferTime>1</FileTransferTime>
  <EncryptionTime>0</EncryptionTime>
  <time>19/02/2022 18:29:14</time>
</Save>

<Save Name="test">
  <FileSource>C:\Users\cimbo\Desktop\easysave\dest3\test.docx</FileSource>
  <FileTarget>C:\Users\cimbo\Desktop\easysave5\dest3\test.docx</FileTarget>
  <FileSize>0</FileSize>
  <FileTransferTime>1</FileTransferTime>
  <EncryptionTime>0</EncryptionTime>
  <time>19/02/2022 18:29:14</time>
</Save>

<Save Name="test2">
  <FileSource>C:\Users\cimbo\Desktop\easysave\teqst.txt</FileSource>
  <FileTarget>C:\Users\cimbo\Desktop\easysave4\teqst.txt</FileTarget>
  <FileSize>9</FileSize>
  <FileTransferTime>165</FileTransferTime>
  <EncryptionTime>0.151735</EncryptionTime>
  <time>19/02/2022 18:57:17</time>
</Save>

<Save Name="test2">
  <FileSource>C:\Users\cimbo\Desktop\easysave\test.docx</FileSource>
  <FileTarget>C:\Users\cimbo\Desktop\easysave4\test.docx</FileTarget>
  <FileSize>11993</FileSize>
  <FileTransferTime>141</FileTransferTime>
  <EncryptionTime>0.1346351</EncryptionTime>
  <time>19/02/2022 18:57:17</time>
</Save>

<Save Name="test2">
  <FileSource>C:\Users\cimbo\Desktop\easysave\dest3\test.docx</FileSource>
  <FileTarget>C:\Users\cimbo\Desktop\easysave4\dest3\test.docx</FileTarget>
  <FileSize>0</FileSize>
  <FileTransferTime>144</FileTransferTime>
  <EncryptionTime>0.1352587</EncryptionTime>
  <time>19/02/2022 18:57:17</time>
</Save>

<Save Name="test2">
  <FileSource>C:\Users\cimbo\Desktop\easysave\teqst.txt</FileSource>
  <FileTarget>C:\Users\cimbo\Desktop\easysave4\teqst.txt</FileTarget>
  <FileSize>9</FileSize>
  <FileTransferTime>1</FileTransferTime>
  <EncryptionTime>0</EncryptionTime>
  <time>19/02/2022 18:57:49</time>
</Save>

<Save Name="test2">
  <FileSource>C:\Users\cimbo\Desktop\easysave\test.docx</FileSource>
  <FileTarget>C:\Users\cimbo\Desktop\easysave4\test.docx</FileTarget>
  <FileSize>11993</FileSize>
  <FileTransferTime>2</FileTransferTime>
  <EncryptionTime>0</EncryptionTime>
  <time>19/02/2022 18:57:49</time>
</Save>

<Save Name="test2">
  <FileSource>C:\Users\cimbo\Desktop\easysave\dest3\test.docx</FileSource>
  <FileTarget>C:\Users\cimbo\Desktop\easysave4\dest3\test.docx</FileTarget>
  <FileSize>0</FileSize>
  <FileTransferTime>1</FileTransferTime>
  <EncryptionTime>0</EncryptionTime>
  <time>19/02/2022 18:57:49</time>
</Save>

<Save Name="test2">
  <FileSource>C:\Users\cimbo\Desktop\easysave\teqst.txt</FileSource>
  <FileTarget>C:\Users\cimbo\Desktop\easysave4\teqst.txt</FileTarget>
  <FileSize>9</FileSize>
  <FileTransferTime>2</FileTransferTime>
  <EncryptionTime>0</EncryptionTime>
  <time>19/02/2022 18:58:23</time>
</Save>

<Save Name="test2">
  <FileSource>C:\Users\cimbo\Desktop\easysave\test.docx</FileSource>
  <FileTarget>C:\Users\cimbo\Desktop\easysave4\test.docx</FileTarget>
  <FileSize>11993</FileSize>
  <FileTransferTime>1</FileTransferTime>
  <EncryptionTime>0</EncryptionTime>
  <time>19/02/2022 18:58:23</time>
</Save>

<Save Name="test2">
  <FileSource>C:\Users\cimbo\Desktop\easysave\dest3\test.docx</FileSource>
  <FileTarget>C:\Users\cimbo\Desktop\easysave4\dest3\test.docx</FileTarget>
  <FileSize>0</FileSize>
  <FileTransferTime>0</FileTransferTime>
  <EncryptionTime>0</EncryptionTime>
  <time>19/02/2022 18:58:23</time>
</Save>

<Save Name="test2">
  <FileSource>C:\Users\cimbo\Desktop\easysave\teqst.txt</FileSource>
  <FileTarget>C:\Users\cimbo\Desktop\easysave4\teqst.txt</FileTarget>
  <FileSize>9</FileSize>
  <FileTransferTime>150</FileTransferTime>
  <EncryptionTime>0.1390738</EncryptionTime>
  <time>19/02/2022 19:01:52</time>
</Save>

<Save Name="test2">
  <FileSource>C:\Users\cimbo\Desktop\easysave\test.docx</FileSource>
  <FileTarget>C:\Users\cimbo\Desktop\easysave4\test.docx</FileTarget>
  <FileSize>11993</FileSize>
  <FileTransferTime>135</FileTransferTime>
  <EncryptionTime>0.1270315</EncryptionTime>
  <time>19/02/2022 19:01:52</time>
</Save>

<Save Name="test2">
  <FileSource>C:\Users\cimbo\Desktop\easysave\dest3\test.docx</FileSource>
  <FileTarget>C:\Users\cimbo\Desktop\easysave4\dest3\test.docx</FileTarget>
  <FileSize>0</FileSize>
  <FileTransferTime>140</FileTransferTime>
  <EncryptionTime>0.1332788</EncryptionTime>
  <time>19/02/2022 19:01:52</time>
</Save>

<Save Name="test">
  <FileSource>C:\Users\cimbo\Desktop\easysave\teqst.txt</FileSource>
  <FileTarget>C:\Users\cimbo\Desktop\easysave5\teqst.txt</FileTarget>
  <FileSize>9</FileSize>
  <FileTransferTime>145</FileTransferTime>
  <EncryptionTime>0.1385656</EncryptionTime>
  <time>19/02/2022 19:01:58</time>
</Save>

<Save Name="test">
  <FileSource>C:\Users\cimbo\Desktop\easysave\test.docx</FileSource>
  <FileTarget>C:\Users\cimbo\Desktop\easysave5\test.docx</FileTarget>
  <FileSize>11993</FileSize>
  <FileTransferTime>138</FileTransferTime>
  <EncryptionTime>0.1306888</EncryptionTime>
  <time>19/02/2022 19:01:59</time>
</Save>

<Save Name="test">
  <FileSource>C:\Users\cimbo\Desktop\easysave\dest3\test.docx</FileSource>
  <FileTarget>C:\Users\cimbo\Desktop\easysave5\dest3\test.docx</FileTarget>
  <FileSize>0</FileSize>
  <FileTransferTime>148</FileTransferTime>
  <EncryptionTime>0.1389962</EncryptionTime>
  <time>19/02/2022 19:01:59</time>
</Save>

<Save Name="test2">
  <FileSource>C:\Users\cimbo\Desktop\easysave\teqst.txt</FileSource>
  <FileTarget>C:\Users\cimbo\Desktop\easysave4\teqst.txt</FileTarget>
  <FileSize>9</FileSize>
  <FileTransferTime>165</FileTransferTime>
  <EncryptionTime>0.1576763</EncryptionTime>
  <time>19/02/2022 19:02:28</time>
</Save>

<Save Name="test2">
  <FileSource>C:\Users\cimbo\Desktop\easysave\test.docx</FileSource>
  <FileTarget>C:\Users\cimbo\Desktop\easysave4\test.docx</FileTarget>
  <FileSize>11993</FileSize>
  <FileTransferTime>152</FileTransferTime>
  <EncryptionTime>0.1449637</EncryptionTime>
  <time>19/02/2022 19:02:28</time>
</Save>

<Save Name="test2">
  <FileSource>C:\Users\cimbo\Desktop\easysave\dest3\test.docx</FileSource>
  <FileTarget>C:\Users\cimbo\Desktop\easysave4\dest3\test.docx</FileTarget>
  <FileSize>0</FileSize>
  <FileTransferTime>140</FileTransferTime>
  <EncryptionTime>0.1329784</EncryptionTime>
  <time>19/02/2022 19:02:28</time>
</Save>

<Save Name="test2">
  <FileSource>C:\Users\cimbo\Desktop\easysave\teqst.txt</FileSource>
  <FileTarget>C:\Users\cimbo\Desktop\easysave4\teqst.txt</FileTarget>
  <FileSize>9</FileSize>
  <FileTransferTime>152</FileTransferTime>
  <EncryptionTime>0.1419826</EncryptionTime>
  <time>19/02/2022 19:04:56</time>
</Save>

<Save Name="test2">
  <FileSource>C:\Users\cimbo\Desktop\easysave\test.docx</FileSource>
  <FileTarget>C:\Users\cimbo\Desktop\easysave4\test.docx</FileTarget>
  <FileSize>11993</FileSize>
  <FileTransferTime>145</FileTransferTime>
  <EncryptionTime>0.1385507</EncryptionTime>
  <time>19/02/2022 19:04:56</time>
</Save>

<Save Name="test2">
  <FileSource>C:\Users\cimbo\Desktop\easysave\dest3\test.docx</FileSource>
  <FileTarget>C:\Users\cimbo\Desktop\easysave4\dest3\test.docx</FileTarget>
  <FileSize>0</FileSize>
  <FileTransferTime>165</FileTransferTime>
  <EncryptionTime>0.1576016</EncryptionTime>
  <time>19/02/2022 19:04:56</time>
</Save>

<Save Name="test2">
  <FileSource>C:\Users\cimbo\Desktop\easysave\teqst.txt</FileSource>
  <FileTarget>C:\Users\cimbo\Desktop\easysave4\teqst.txt</FileTarget>
  <FileSize>9</FileSize>
  <FileTransferTime>1</FileTransferTime>
  <EncryptionTime>0</EncryptionTime>
  <time>19/02/2022 19:05:46</time>
</Save>

<Save Name="test2">
  <FileSource>C:\Users\cimbo\Desktop\easysave\test.docx</FileSource>
  <FileTarget>C:\Users\cimbo\Desktop\easysave4\test.docx</FileTarget>
  <FileSize>11993</FileSize>
  <FileTransferTime>1</FileTransferTime>
  <EncryptionTime>0</EncryptionTime>
  <time>19/02/2022 19:05:46</time>
</Save>

<Save Name="test2">
  <FileSource>C:\Users\cimbo\Desktop\easysave\dest3\test.docx</FileSource>
  <FileTarget>C:\Users\cimbo\Desktop\easysave4\dest3\test.docx</FileTarget>
  <FileSize>0</FileSize>
  <FileTransferTime>0</FileTransferTime>
  <EncryptionTime>0</EncryptionTime>
  <time>19/02/2022 19:05:46</time>
</Save>

<Save Name="test">
  <FileSource>C:\Users\cimbo\Desktop\easysave\teqst.txt</FileSource>
  <FileTarget>C:\Users\cimbo\Desktop\easysave5\teqst.txt</FileTarget>
  <FileSize>9</FileSize>
  <FileTransferTime>143</FileTransferTime>
  <EncryptionTime>0.1359639</EncryptionTime>
  <time>19/02/2022 19:05:53</time>
</Save>

<Save Name="test">
  <FileSource>C:\Users\cimbo\Desktop\easysave\test.docx</FileSource>
  <FileTarget>C:\Users\cimbo\Desktop\easysave5\test.docx</FileTarget>
  <FileSize>11993</FileSize>
  <FileTransferTime>132</FileTransferTime>
  <EncryptionTime>0.1249155</EncryptionTime>
  <time>19/02/2022 19:05:53</time>
</Save>

<Save Name="test">
  <FileSource>C:\Users\cimbo\Desktop\easysave\dest3\test.docx</FileSource>
  <FileTarget>C:\Users\cimbo\Desktop\easysave5\dest3\test.docx</FileTarget>
  <FileSize>0</FileSize>
  <FileTransferTime>153</FileTransferTime>
  <EncryptionTime>0.1463534</EncryptionTime>
  <time>19/02/2022 19:05:53</time>
</Save>

<Save Name="test5">
  <FileSource>C:\Users\cimbo\Desktop\easysave\diff.doc</FileSource>
  <FileTarget>C:\Users\cimbo\Desktop\easysave5\diff.doc</FileTarget>
  <FileSize>0</FileSize>
  <FileTransferTime>1</FileTransferTime>
  <EncryptionTime>0</EncryptionTime>
  <time>20/02/2022 08:59:52</time>
</Save>

<Save Name="test2">
  <FileSource>C:\Users\cimbo\Desktop\easysave\diff.doc</FileSource>
  <FileTarget>C:\Users\cimbo\Desktop\easysave4\diff.doc</FileTarget>
  <FileSize>0</FileSize>
  <FileTransferTime>1</FileTransferTime>
  <EncryptionTime>0</EncryptionTime>
  <time>20/02/2022 09:29:39</time>
</Save>

<Save Name="test2">
  <FileSource>C:\Users\cimbo\Desktop\easysave\diff.doc</FileSource>
  <FileTarget>C:\Users\cimbo\Desktop\easysave4\diff.doc</FileTarget>
  <FileSize>0</FileSize>
  <FileTransferTime>0</FileTransferTime>
  <EncryptionTime>0</EncryptionTime>
  <time>20/02/2022 13:33:32</time>
</Save>

<Save Name="test2">
  <FileSource>C:\Users\cimbo\Desktop\easysave\teqst.txt</FileSource>
  <FileTarget>C:\Users\cimbo\Desktop\easysave4\teqst.txt</FileTarget>
  <FileSize>9</FileSize>
  <FileTransferTime>2</FileTransferTime>
  <EncryptionTime>0</EncryptionTime>
  <time>20/02/2022 13:33:32</time>
</Save>

<Save Name="test2">
  <FileSource>C:\Users\cimbo\Desktop\easysave\test.docx</FileSource>
  <FileTarget>C:\Users\cimbo\Desktop\easysave4\test.docx</FileTarget>
  <FileSize>11993</FileSize>
  <FileTransferTime>15</FileTransferTime>
  <EncryptionTime>0</EncryptionTime>
  <time>20/02/2022 13:33:32</time>
</Save>

<Save Name="test2">
  <FileSource>C:\Users\cimbo\Desktop\easysave\dest3\test.docx</FileSource>
  <FileTarget>C:\Users\cimbo\Desktop\easysave4\dest3\test.docx</FileTarget>
  <FileSize>0</FileSize>
  <FileTransferTime>0</FileTransferTime>
  <EncryptionTime>0</EncryptionTime>
  <time>20/02/2022 13:33:32</time>
</Save>

<Save Name="test">
  <FileSource>C:\Users\cimbo\Desktop\easysave\diff.doc</FileSource>
  <FileTarget>C:\Users\cimbo\Desktop\easysave5\diff.doc</FileTarget>
  <FileSize>0</FileSize>
  <FileTransferTime>0</FileTransferTime>
  <EncryptionTime>0</EncryptionTime>
  <time>20/02/2022 13:33:34</time>
</Save>

<Save Name="test">
  <FileSource>C:\Users\cimbo\Desktop\easysave\teqst.txt</FileSource>
  <FileTarget>C:\Users\cimbo\Desktop\easysave5\teqst.txt</FileTarget>
  <FileSize>9</FileSize>
  <FileTransferTime>2</FileTransferTime>
  <EncryptionTime>0</EncryptionTime>
  <time>20/02/2022 13:33:34</time>
</Save>

<Save Name="test">
  <FileSource>C:\Users\cimbo\Desktop\easysave\test.docx</FileSource>
  <FileTarget>C:\Users\cimbo\Desktop\easysave5\test.docx</FileTarget>
  <FileSize>11993</FileSize>
  <FileTransferTime>10</FileTransferTime>
  <EncryptionTime>0</EncryptionTime>
  <time>20/02/2022 13:33:34</time>
</Save>

<Save Name="test">
  <FileSource>C:\Users\cimbo\Desktop\easysave\dest3\test.docx</FileSource>
  <FileTarget>C:\Users\cimbo\Desktop\easysave5\dest3\test.docx</FileTarget>
  <FileSize>0</FileSize>
  <FileTransferTime>0</FileTransferTime>
  <EncryptionTime>0</EncryptionTime>
  <time>20/02/2022 13:33:34</time>
</Save>

